"Id","Position","First Name","Nickname","Last Name","FPPG","Played","Salary","Game","Team","Opponent","Injury Indicator","Injury Details","Tier","Probable Pitcher","Batting Order"
"47381-16956","P","Gerrit","Gerrit Cole","Cole","37.5","2","11700","NYY@BAL","NYY","BAL","","","","","0"
"47381-52859","P","Jacob","Jacob deGrom","deGrom","33.5","2","11200","BOS@NYM","NYM","BOS","","","","","0"
"47381-82554","P","Shane","Shane Bieber","Bieber","70","1","10700","CLE@MIN","CLE","MIN","","","","Yes",""
"47381-79168","P","Walker","Walker Buehler","Buehler","14","1","10500","LOS@ARI","LOS","ARI","","","","",""
"47381-70559","P","Mike","Mike Clevinger","Clevinger","37","1","10400","CLE@MIN","CLE","MIN","","","","","0"
"47381-5427","P","Clayton","Clayton Kershaw","Kershaw","38.13793103448276","29","10300","LOS@ARI","LOS","ARI","IL","Back","","",""
"47381-68488","P","Blake","Blake Snell","Snell","21","1","10200","TAM@ATL","TAM","ATL","","","","","0"
"47381-52172","P","Noah","Noah Syndergaard","Syndergaard","32.65625","32","10000","BOS@NYM","NYM","BOS","IL","Elbow","","","0"
"47381-79224","P","Chris","Chris Paddack","Paddack","33.5","2","9700","SDP@SFG","SDP","SFG","","","","",""
"47381-52183","P","Tyler","Tyler Glasnow","Glasnow","36","1","9700","TAM@ATL","TAM","ATL","","","","","0"
"47381-12477","P","Chris","Chris Sale","Sale","38.72","25","9500","BOS@NYM","BOS","NYM","IL","Elbow","","","0"
"47381-5466","P","Charlie","Charlie Morton","Morton","18","2","9400","TAM@ATL","TAM","ATL","","","","","0"
"47381-80433","P","Dinelson","Dinelson Lamet","Lamet","42","1","9200","SDP@SFG","SDP","SFG","","","","Yes",""
"47381-6266","P","Carlos","Carlos Carrasco","Carrasco","52","1","9100","CLE@MIN","CLE","MIN","","","","","0"
"47381-60639","P","Jose","Jose Berrios","Berrios","0","1","9000","CLE@MIN","MIN","CLE","","","","Yes",""
"47381-60644","P","Luis","Luis Severino","Severino","29","3","9000","NYY@BAL","NYY","BAL","IL","Elbow","","","0"
"47381-79073","P","Mike","Mike Soroka","Soroka","28","2","8800","TAM@ATL","ATL","TAM","","","","","0"
"47381-52142","P","Eduardo","Eduardo Rodriguez","Rodriguez","34.38235294117647","34","8800","BOS@NYM","BOS","NYM","IL","Illness","","","0"
"47381-68561","P","Luke","Luke Weaver","Weaver","10","1","8800","LOS@ARI","ARI","LOS","","","","","0"
"47381-21098","P","James","James Paxton","Paxton","-3","1","8700","NYY@BAL","NYY","BAL","","","","","0"
"47381-6311","P","Madison","Madison Bumgarner","Bumgarner","22.5","2","8600","LOS@ARI","ARI","LOS","","","","","0"
"47381-5767","P","J.A.","J.A. Happ","Happ","23.25","32","8600","NYY@BAL","NYY","BAL","","","","Yes",""
"47381-52268","P","Masahiro","Masahiro Tanaka","Tanaka","26.53125","32","8400","NYY@BAL","NYY","BAL","IL","Concussion","","","0"
"47381-38311","P","Ross","Ross Stripling","Stripling","49","1","8400","LOS@ARI","LOS","ARI","","","","Yes",""
"47381-63136","P","Matthew","Matthew Boyd","Boyd","15","2","8400","KAN@DET","DET","KAN","","","","","0"
"47381-85251","P","Zac","Zac Gallen","Gallen","27","1","8300","LOS@ARI","ARI","LOS","","","","","0"
"47381-16957","P","Dylan","Dylan Bundy","Bundy","48","1","8200","SEA@LAA","LAA","SEA","","","","Yes",""
"47381-6149","P","Jeff","Jeff Samardzija","Samardzija","0","1","8100","SDP@SFG","SFG","SDP","","","","","0"
"47381-82636","P","Joey","Joey Lucchesi","Lucchesi","11","1","8100","SDP@SFG","SDP","SFG","","","","",""
"47381-38272","P","Mike","Mike Foltynewicz","Foltynewicz","1","1","8000","TAM@ATL","ATL","TAM","","","","","0"
"47381-5790","P","Homer","Homer Bailey","Bailey","27","1","8000","CLE@MIN","MIN","CLE","","","","","0"
"47381-104584","P","Zach","Zach Plesac","Plesac","61","1","7900","CLE@MIN","CLE","MIN","","","","","0"
"47381-17116","P","Jake","Jake Odorizzi","Odorizzi","31.7","30","7900","CLE@MIN","MIN","CLE","IL","Back","","","0"
"47381-53029","P","Robbie","Robbie Ray","Ray","23","1","7900","LOS@ARI","ARI","LOS","","","","Yes",""
"47381-101881","P","Merrill","Merrill Kelly","Kelly","51","1","7800","LOS@ARI","ARI","LOS","","","","","0"
"47381-82557","P","Aaron","Aaron Civale","Civale","49","1","7800","CLE@MIN","CLE","MIN","","","","","0"
"47381-52174","P","Steven","Steven Matz","Matz","40","1","7800","BOS@NYM","NYM","BOS","","","","Yes",""
"47381-39041","P","Marcus","Marcus Stroman","Stroman","30.125","32","7700","BOS@NYM","NYM","BOS","IL","Calf","","","0"
"47381-79198","P","Justus","Justus Sheffield","Sheffield","3","1","7700","SEA@LAA","SEA","LAA","","","","",""
"47381-5525","P","Cole","Cole Hamels","Hamels","28.296296296296298","27","7700","TAM@ATL","ATL","TAM","IL","Triceps","","","0"
"47381-82582","P","Griffin","Griffin Canning","Canning","26","1","7700","SEA@LAA","LAA","SEA","","","","",""
"47381-52185","P","Max","Max Fried","Fried","24","1","7700","TAM@ATL","ATL","TAM","","","","Yes",""
"47381-52166","P","Julio","Julio Urias","Urias","21","1","7600","LOS@ARI","LOS","ARI","","","","",""
"47381-82535","P","Kyle","Kyle Wright","Wright","2","1","7500","TAM@ATL","ATL","TAM","","","","","0"
"47381-5983","P","Rich","Rich Hill","Hill","27","1","7500","CLE@MIN","MIN","CLE","","","","","0"
"47381-12918","P","Julio","Julio Teheran","Teheran","25.942857142857143","35","7400","SEA@LAA","LAA","SEA","IL","Not injury related","","",""
"47381-68452","P","Kenta","Kenta Maeda","Maeda","33","1","7400","CLE@MIN","MIN","CLE","","","","","0"
"47381-82840","P","Yonny","Yonny Chirinos","Chirinos","24","1","7400","TAM@ATL","TAM","ATL","","","","","0"
"47381-12864","P","Michael","Michael Pineda","Pineda","30.03846153846154","26","7300","CLE@MIN","MIN","CLE","NA","Suspension","","","0"
"47381-52169","P","Kohl","Kohl Stewart","Stewart","7.555555555555555","9","7300","NYY@BAL","BAL","NYY","","","","","0"
"47381-13233","P","Nathan","Nathan Eovaldi","Eovaldi","29","2","7200","BOS@NYM","BOS","NYM","","","","","0"
"47381-102344","P","Brady","Brady Singer","Singer","30","1","7200","KAN@DET","KAN","DET","","","","Yes",""
"47381-13019","P","Garrett","Garrett Richards","Richards","33","1","7100","SDP@SFG","SDP","SFG","","","","",""
"47381-52167","P","Andrew","Andrew Heaney","Heaney","28","2","7100","SEA@LAA","LAA","SEA","","","","",""
"47381-5498","P","Johnny","Johnny Cueto","Cueto","14.5","2","6900","SDP@SFG","SFG","SDP","","","","","0"
"47381-5659","P","Rick","Rick Porcello","Porcello","-9","1","6900","BOS@NYM","NYM","BOS","","","","","0"
"47381-68518","P","Spencer","Spencer Turnbull","Turnbull","36","1","6900","KAN@DET","DET","KAN","","","","","0"
"47381-38028","P","Alex","Alex Wood","Wood","12","1","6800","LOS@ARI","LOS","ARI","IL","Shoulder","","",""
"47381-54445","P","Asher","Asher Wojciechowski","Wojciechowski","24","1","6800","NYY@BAL","BAL","NYY","","","","","0"
"47381-6234","P","Jordan","Jordan Zimmermann","Zimmermann","15.217391304347826","23","6700","KAN@DET","DET","KAN","IL","Forearm","","","0"
"47381-68485","P","Ryan","Ryan Yarbrough","Yarbrough","19","1","6700","TAM@ATL","TAM","ATL","","","","Yes",""
"47381-79147","P","Jakob","Jakob Junis","Junis","26.258064516129032","31","6600","KAN@DET","KAN","DET","IL","Not injury related","","","0"
"47381-68520","P","Michael","Michael Fulmer","Fulmer","2","1","6600","KAN@DET","DET","KAN","","","","","0"
"47381-79853","P","Jordan","Jordan Montgomery","Montgomery","9","2","6600","NYY@BAL","NYY","BAL","","","","","0"
"47381-37999","P","Michael","Michael Wacha","Wacha","30","1","6500","BOS@NYM","NYM","BOS","","","","","0"
"47381-72265","P","Matt","Matt Strahm","Strahm","2.6666666666666665","3","6500","SDP@SFG","SDP","SFG","","","","",""
"47381-13438","P","Drew","Drew Pomeranz","Pomeranz","9","3","6400","SDP@SFG","SDP","SFG","","","","",""
"47381-79072","P","Brad","Brad Keller","Keller","26.035714285714285","28","6400","KAN@DET","KAN","DET","IL","Not injury related","","","0"
"47381-68469","P","Adam","Adam Plutko","Plutko","34","1","6400","CLE@MIN","CLE","MIN","","","","","0"
"47381-13268","P","Danny","Danny Duffy","Duffy","20","2","6400","KAN@DET","KAN","DET","","","","","0"
"47381-54130","P","Ryan","Ryan Weber","Weber","-7","1","6300","BOS@NYM","BOS","NYM","","","","","0"
"47381-12175","P","Ivan","Ivan Nova","Nova","12","1","6300","KAN@DET","DET","KAN","","","","Yes",""
"47381-11321","P","Mike","Mike Montgomery","Montgomery","0","1","6200","KAN@DET","KAN","DET","IL","Lat","","","0"
"47381-38000","P","Kevin","Kevin Gausman","Gausman","12","1","6200","SDP@SFG","SFG","SDP","","","","Yes",""
"47381-21919","P","Matt","Matt Andriese","Andriese","32","1","6200","SEA@LAA","LAA","SEA","","","","",""
"47381-5661","P","Felix","Felix Hernandez","Hernandez","16.733333333333334","15","6200","TAM@ATL","ATL","TAM","DTD","Opt out","","","0"
"47381-11328","P","Martin","Martin Perez","Perez","9","1","6100","BOS@NYM","BOS","NYM","","","","Yes",""
"47381-104672","P","Devin","Devin Smeltzer","Smeltzer","6","1","6100","CLE@MIN","MIN","CLE","","","","","0"
"47381-57717","P","Buck","Buck Farmer","Farmer","5.25","4","6100","KAN@DET","DET","KAN","","","","","0"
"47381-82594","P","Dustin","Dustin May","May","19","2","6100","LOS@ARI","LOS","ARI","","","","",""
"47381-66765","P","Jorge","Jorge Lopez","Lopez","-4","1","6000","KAN@DET","KAN","DET","","","","","0"
"47381-39127","P","Jerad","Jerad Eickhoff","Eickhoff","20.583333333333332","12","6000","SDP@SFG","SDP","SFG","","","","",""
"47381-83163","P","Jonathan","Jonathan Loaisiga","Loaisiga","15","1","6000","NYY@BAL","NYY","BAL","","","","","0"
"47381-102001","P","Yusei","Yusei Kikuchi","Kikuchi","8","1","6000","SEA@LAA","SEA","LAA","","","","",""
"47381-13123","P","Alex","Alex Cobb","Cobb","37","1","6000","NYY@BAL","BAL","NYY","","","","","0"
"47381-79903","P","Glenn","Glenn Sparkman","Sparkman","6","2","5900","KAN@DET","KAN","DET","","","","","0"
"47381-79228","P","Cal","Cal Quantrill","Quantrill","13","1","5900","SDP@SFG","SDP","SFG","","","","",""
"47381-101839","P","Logan","Logan Webb","Webb","15","1","5900","SDP@SFG","SFG","SDP","","","","","0"
"47381-97021","P","Matt","Matt Hall","Hall","8","1","5900","BOS@NYM","BOS","NYM","","","","","0"
"47381-68505","P","Carson","Carson Fulmer","Fulmer","6","1","5900","KAN@DET","DET","KAN","","","","","0"
"47381-68551","P","Tyler","Tyler Beede","Beede","21.84","25","5900","SDP@SFG","SFG","SDP","IL","Elbow","","","0"
"47381-52190","P","Marco","Marco Gonzales","Gonzales","10","1","5900","SEA@LAA","SEA","LAA","","","","Yes",""
"47381-97300","P","John","John Means","Means","24.451612903225808","31","5800","NYY@BAL","BAL","NYY","","","","Yes",""
"47381-83148","P","Dario","Dario Agrazal","Agrazal","17.8","15","5800","KAN@DET","DET","KAN","IL","Forearm","","","0"
"47381-60637","P","Sean","Sean Newcomb","Newcomb","10","1","5800","TAM@ATL","ATL","TAM","","","","","0"
"47381-65988","P","Zach","Zach Davies","Davies","30","1","5800","SDP@SFG","SDP","SFG","","","","",""
"47381-82538","P","Darwinzon","Darwinzon Hernandez","Hernandez","7.482758620689655","29","5800","BOS@NYM","BOS","NYM","IL","Not injury related","","","0"
"47381-17087","P","Drew","Drew Smyly","Smyly","11","2","5800","SDP@SFG","SFG","SDP","","","","","0"
"47381-53043","P","Jesse","Jesse Hahn","Hahn","2.3333333333333335","6","5800","KAN@DET","KAN","DET","NA","Personal","","","0"
"47381-52195","P","Daniel","Daniel Norris","Norris","18.96969696969697","33","5800","KAN@DET","DET","KAN","IL","Not injury related","","","0"
"47381-82935","P","Trevor","Trevor Richards","Richards","3","1","5800","TAM@ATL","TAM","ATL","","","","","0"
"47381-58434","P","Kendall","Kendall Graveman","Graveman","15","1","5700","SEA@LAA","SEA","LAA","","","","",""
"47381-79067","P","Alex","Alex Young","Young","12","1","5700","LOS@ARI","ARI","LOS","","","","","0"
"47381-79123","P","Tyler","Tyler Alexander","Alexander","11.5","2","5700","KAN@DET","DET","KAN","","","","","0"
"47381-38164","P","Jimmy","Jimmy Nelson","Nelson","9.3","10","5700","LOS@ARI","LOS","ARI","IL","Back","","",""
"47381-63827","P","Zack","Zack Godley","Godley","33","1","5700","BOS@NYM","BOS","NYM","","","","","0"
"47381-114708","P","Randy","Randy Dobnak","Dobnak","18","1","5600","CLE@MIN","MIN","CLE","","","","","0"
"47381-102498","P","Patrick","Patrick Sandoval","Sandoval","21","1","5600","SEA@LAA","LAA","SEA","","","","",""
"47381-83165","P","Lewis","Lewis Thorpe","Thorpe","8","1","5600","CLE@MIN","MIN","CLE","DTD","Leg","","","0"
"47381-79071","P","Taylor","Taylor Clarke","Clarke","20","1","5600","LOS@ARI","ARI","LOS","","","","","0"
"47381-38246","P","Tyler","Tyler Anderson","Anderson","8","2","5600","SDP@SFG","SFG","SDP","","","","","0"
"47381-21097","P","Taijuan","Taijuan Walker","Walker","-2","1","5600","SEA@LAA","SEA","LAA","","","","",""
"47381-73363","P","Felix","Felix Pena","Pena","19","1","5600","SEA@LAA","LAA","SEA","","","","",""
"47381-103218","P","Nick","Nick Margevicius","Margevicius","4.5","2","5600","SEA@LAA","SEA","LAA","DTD","Leg","","",""
"47381-82775","P","Nestor","Nestor Cortes","Cortes","3.5","2","5600","SEA@LAA","SEA","LAA","","","","",""
"47381-15221","P","Tommy","Tommy Milone","Milone","12","1","5600","NYY@BAL","BAL","NYY","","","","","0"
"47381-6018","P","Wade","Wade LeBlanc","LeBlanc","23","1","5600","NYY@BAL","BAL","NYY","","","","","0"
"47381-68493","P","David","David Hess","Hess","3","1","5600","NYY@BAL","BAL","NYY","","","","","0"
"47381-102334","P","Corbin","Corbin Martin","Martin","17","5","5600","LOS@ARI","ARI","LOS","IL","Elbow","","","0"
"47381-13312","P","Ryan","Ryan Brasier","Brasier","-6","1","5500","BOS@NYM","BOS","NYM","","","","","0"
"47381-79873","P","Dylan","Dylan Covey","Covey","6","1","5500","BOS@NYM","BOS","NYM","","","","","0"
"47381-81922","P","Jacob","Jacob Rhame","Rhame","5","5","5500","SEA@LAA","LAA","SEA","DTD","Undisclosed","","",""
"47381-135191","P","Josh","Josh Fleming","Fleming","0","0","5500","TAM@ATL","TAM","ATL","","","","","0"
"47381-135192","P","Ryan","Ryan Thompson","Thompson","7","2","5500","TAM@ATL","TAM","ATL","","","","","0"
"47381-135198","P","Daniel","Daniel Tillo","Tillo","0","0","5500","KAN@DET","KAN","DET","","","","","0"
"47381-82975","P","Yefry","Yefry Ramirez","Ramirez","7.230769230769231","13","5500","BOS@NYM","NYM","BOS","","","","","0"
"47381-135196","P","Tyler","Tyler Zuber","Zuber","2","3","5500","KAN@DET","KAN","DET","","","","","0"
"47381-82976","P","Corey","Corey Oswalt","Oswalt","6","1","5500","BOS@NYM","NYM","BOS","","","","","0"
"47381-135205","P","Shao-Ching","Shao-Ching Chiang","Chiang","0","0","5500","KAN@DET","DET","KAN","","","","","0"
"47381-82986","P","Colten","Colten Brewer","Brewer","15","2","5500","BOS@NYM","BOS","NYM","","","","","0"
"47381-68653","P","Luis","Luis Cessa","Cessa","8.581395348837209","43","5500","NYY@BAL","NYY","BAL","IL","Not injury related","","","0"
"47381-82997","P","Gerson","Gerson Bautista","Bautista","1.875","8","5500","SEA@LAA","SEA","LAA","IL","Elbow","","",""
"47381-79927","P","Stefan","Stefan Crichton","Crichton","6.333333333333333","3","5500","LOS@ARI","ARI","LOS","","","","","0"
"47381-82999","P","Scott","Scott Barlow","Barlow","8","4","5500","KAN@DET","KAN","DET","","","","","0"
"47381-68662","P","Luis","Luis Perdomo","Perdomo","12","1","5500","SDP@SFG","SDP","SFG","","","","",""
"47381-21565","P","Ryan","Ryan Buchter","Buchter","5.666666666666667","3","5500","SEA@LAA","LAA","SEA","","","","",""
"47381-71742","P","Grant","Grant Dayton","Dayton","8","2","5500","TAM@ATL","ATL","TAM","","","","","0"
"47381-135229","P","Reid","Reid Detmers","Detmers","0","0","5500","SEA@LAA","LAA","SEA","","","","",""
"47381-38981","P","Brandon","Brandon Workman","Workman","4.5","2","5500","BOS@NYM","BOS","NYM","","","","","0"
"47381-38982","P","Noe","Noe Ramirez","Ramirez","2.6666666666666665","3","5500","SEA@LAA","LAA","SEA","","","","",""
"47381-13383","P","Neil","Neil Ramirez","Ramirez","4.636363636363637","22","5500","SEA@LAA","LAA","SEA","","","","",""
"47381-102470","P","Rico","Rico Garcia","Garcia","3","3","5500","SDP@SFG","SFG","SDP","","","","","0"
"47381-102481","P","Bryan","Bryan Garcia","Garcia","5","2","5500","KAN@DET","DET","KAN","","","","","0"
"47381-79960","P","Paul","Paul Fry","Fry","1.5","2","5500","NYY@BAL","BAL","NYY","","","","","0"
"47381-135262","P","Anthony","Anthony Misiewicz","Misiewicz","6","3","5500","SEA@LAA","SEA","LAA","","","","",""
"47381-135266","P","Ljay","Ljay Newsome","Newsome","0","0","5500","SEA@LAA","SEA","LAA","","","","",""
"47381-135264","P","Aaron","Aaron Fletcher","Fletcher","0","0","5500","SEA@LAA","SEA","LAA","","","","",""
"47381-135270","P","Sam","Sam Delaplane","Delaplane","0","0","5500","SEA@LAA","SEA","LAA","","","","",""
"47381-73828","P","Dan","Dan Altavilla","Altavilla","7.5","2","5500","SEA@LAA","SEA","LAA","","","","",""
"47381-116839","P","David","David Bednar","Bednar","1","1","5500","SDP@SFG","SDP","SFG","","","","",""
"47381-135268","P","Emerson","Emerson Hancock","Hancock","0","0","5500","SEA@LAA","SEA","LAA","","","","",""
"47381-72809","P","Austin","Austin Brice","Brice","3.6666666666666665","3","5500","BOS@NYM","BOS","NYM","","","","","0"
"47381-135275","P","Marshall","Marshall Kasowski","Kasowski","0","0","5500","LOS@ARI","LOS","ARI","","","","",""
"47381-135273","P","Andre","Andre Jackson","Jackson","0","0","5500","LOS@ARI","LOS","ARI","","","","",""
"47381-135278","P","Kevin","Kevin Smith","Smith","0","0","5500","BOS@NYM","NYM","BOS","","","","","0"
"47381-116847","P","Cole","Cole Sulser","Sulser","12","1","5500","NYY@BAL","BAL","NYY","","","","","0"
"47381-83054","P","Justin","Justin Anderson","Anderson","4.666666666666667","54","5500","SEA@LAA","LAA","SEA","IL","Elbow","","",""
"47381-116846","P","Ronald","Ronald Bolanos","Bolanos","9","1","5500","KAN@DET","KAN","DET","","","","","0"
"47381-38001","P","Matt","Matt Barnes","Barnes","4.5","2","5500","BOS@NYM","BOS","NYM","","","","","0"
"47381-38002","P","Kyle","Kyle Zimmer","Zimmer","9","2","5500","KAN@DET","KAN","DET","","","","","0"
"47381-83072","P","Trevor","Trevor Oaks","Oaks","0","0","5500","SDP@SFG","SFG","SDP","","","","","0"
"47381-54403","P","Trevor","Trevor Gott","Gott","3","2","5500","SDP@SFG","SFG","SDP","","","","","0"
"47381-116868","P","Gabe","Gabe Speier","Speier","2.5","2","5500","KAN@DET","KAN","DET","","","","","0"
"47381-73865","P","Jonathan","Jonathan Holder","Holder","7","1","5500","NYY@BAL","NYY","BAL","","","","","0"
"47381-135306","P","Cole","Cole Wilcox","Wilcox","0","0","5500","SDP@SFG","SDP","SFG","","","","",""
"47381-102536","P","Nick","Nick Nelson","Nelson","0","0","5500","NYY@BAL","NYY","BAL","","","","","0"
"47381-114827","P","John","John Schreiber","Schreiber","4.5","2","5500","KAN@DET","DET","KAN","","","","","0"
"47381-73866","P","Wandy","Wandy Peralta","Peralta","9.5","2","5500","SDP@SFG","SFG","SDP","","","","","0"
"47381-135309","P","Tyler","Tyler Cyr","Cyr","0","0","5500","SDP@SFG","SFG","SDP","","","","","0"
"47381-135312","P","Kyle","Kyle Nelson","Nelson","0","0","5500","CLE@MIN","CLE","MIN","","","","","0"
"47381-135313","P","Nick","Nick Sandlin","Sandlin","0","0","5500","CLE@MIN","CLE","MIN","","","","","0"
"47381-53396","P","Nick","Nick Tropeano","Tropeano","8.666666666666666","3","5500","NYY@BAL","NYY","BAL","","","","","0"
"47381-73877","P","Kevin","Kevin McCarthy","McCarthy","3","2","5500","KAN@DET","KAN","DET","","","","","0"
"47381-102549","P","Andres","Andres Munoz","Munoz","6.136363636363637","22","5500","SDP@SFG","SDP","SFG","IL","Elbow","","",""
"47381-81044","P","Austin","Austin Adams","Adams","7.5","30","5500","SEA@LAA","SEA","LAA","IL","Knee","","",""
"47381-81052","P","Andrew","Andrew Kittredge","Kittredge","2","2","5500","TAM@ATL","TAM","ATL","","","","","0"
"47381-80033","P","Emilio","Emilio Pagan","Pagan","1","3","5500","SDP@SFG","SDP","SFG","","","","",""
"47381-80034","P","Jose","Jose Alvarado","Alvarado","5.75","4","5500","TAM@ATL","TAM","ATL","","","","","0"
"47381-12452","P","Kenley","Kenley Jansen","Jansen","5","3","5500","LOS@ARI","LOS","ARI","","","","",""
"47381-12455","P","Josh","Josh Tomlin","Tomlin","12.5","2","5500","TAM@ATL","ATL","TAM","","","","","0"
"47381-13479","P","Joe","Joe Kelly","Kelly","7.5","2","5500","LOS@ARI","LOS","ARI","","","","",""
"47381-39081","P","Chasen","Chasen Shreve","Shreve","3","1","5500","BOS@NYM","NYM","BOS","","","","","0"
"47381-102568","P","Colin","Colin Poche","Poche","6.2745098039215685","51","5500","TAM@ATL","TAM","ATL","IL","Elbow","","","0"
"47381-135339","P","Clayton","Clayton Beeter","Beeter","0","0","5500","LOS@ARI","LOS","ARI","","","","",""
"47381-12463","P","Greg","Greg Holland","Holland","6","3","5500","KAN@DET","KAN","DET","","","","","0"
"47381-21682","P","Aaron","Aaron Loup","Loup","8","2","5500","TAM@ATL","TAM","ATL","","","","","0"
"47381-38067","P","Matt","Matt Magill","Magill","9","1","5500","SEA@LAA","SEA","LAA","","","","",""
"47381-135359","P","Caleb","Caleb Baragar","Baragar","15","1","5500","SDP@SFG","SFG","SDP","","","","","0"
"47381-102590","P","Joey","Joey Gerber","Gerber","0","0","5500","SEA@LAA","SEA","LAA","","","","",""
"47381-71875","P","Mike","Mike Mayers","Mayers","1.6666666666666667","3","5500","SEA@LAA","LAA","SEA","","","","",""
"47381-135360","P","Sam","Sam Wolff","Wolff","0","0","5500","SDP@SFG","SFG","SDP","","","","","0"
"47381-83145","P","Jose","Jose Castillo","Castillo","8","1","5500","SDP@SFG","SDP","SFG","IL","Lat","","",""
"47381-112841","P","Jose","Jose Rodriguez","Rodriguez","8.88888888888889","9","5500","SEA@LAA","LAA","SEA","","","","",""
"47381-83146","P","Walker","Walker Lockett","Lockett","6.555555555555555","9","5500","BOS@NYM","NYM","BOS","IL","Back","","","0"
"47381-38096","P","David","David Hale","Hale","0.5","2","5500","NYY@BAL","NYY","BAL","","","","","0"
"47381-60627","P","Touki","Touki Toussaint","Toussaint","8","1","5500","TAM@ATL","ATL","TAM","","","","","0"
"47381-83159","P","Diego","Diego Castillo","Castillo","15","1","5500","TAM@ATL","TAM","ATL","","","","","0"
"47381-38106","P","Kirby","Kirby Yates","Yates","4","2","5500","SDP@SFG","SDP","SFG","","","","",""
"47381-83167","P","Tyler","Tyler Bashlor","Bashlor","3.125","24","5500","BOS@NYM","NYM","BOS","","","","","0"
"47381-83166","P","Zack","Zack Littell","Littell","-6","1","5500","CLE@MIN","MIN","CLE","","","","","0"
"47381-83175","P","Sandy","Sandy Baez","Baez","0","1","5500","KAN@DET","DET","KAN","","","","","0"
"47381-136424","P","Jake","Jake Brentz","Brentz","0","0","5500","KAN@DET","KAN","DET","","","","","0"
"47381-83181","P","Heath","Heath Fillmyer","Fillmyer","4.333333333333333","12","5500","KAN@DET","KAN","DET","","","","","0"
"47381-79084","P","Tanner","Tanner Scott","Scott","2","1","5500","NYY@BAL","BAL","NYY","","","","","0"
"47381-70897","P","Edubray","Edubray Ramos","Ramos","2.85","20","5500","LOS@ARI","LOS","ARI","","","","",""
"47381-79088","P","Travis","Travis Lakins","Lakins","9","1","5500","NYY@BAL","BAL","NYY","","","","","0"
"47381-5362","P","Darren","Darren O'Day","O'Day","8.5","2","5500","TAM@ATL","ATL","TAM","","","","","0"
"47381-13564","P","Chaz","Chaz Roe","Roe","7.666666666666667","3","5500","TAM@ATL","TAM","ATL","","","","","0"
"47381-38144","P","Shane","Shane Greene","Greene","3","2","5500","TAM@ATL","ATL","TAM","","","","","0"
"47381-85255","P","Shaun","Shaun Anderson","Anderson","5.666666666666667","3","5500","SDP@SFG","SFG","SDP","","","","","0"
"47381-72971","P","Ben","Ben Heller","Heller","0","1","5500","NYY@BAL","NYY","BAL","","","","","0"
"47381-79118","P","Triston","Triston McKenzie","McKenzie","0","0","5500","CLE@MIN","CLE","MIN","","","","","0"
"47381-85265","P","Taylor","Taylor Widener","Widener","8","1","5500","LOS@ARI","ARI","LOS","","","","","0"
"47381-79124","P","Joe","Joe Jimenez","Jimenez","3.75","4","5500","KAN@DET","DET","KAN","","","","","0"
"47381-79129","P","Kyle","Kyle Funkhouser","Funkhouser","-9","1","5500","KAN@DET","DET","KAN","","","","","0"
"47381-115993","P","Taylor","Taylor Guilbeau","Guilbeau","0","1","5500","SEA@LAA","SEA","LAA","","","","",""
"47381-85275","P","Cody","Cody Carroll","Carroll","-7","2","5500","NYY@BAL","BAL","NYY","","","","","0"
"47381-79135","P","Beau","Beau Burrows","Burrows","-2","1","5500","KAN@DET","DET","KAN","","","","","0"
"47381-85282","P","Brett","Brett Kennedy","Kennedy","0","0","5500","SDP@SFG","SDP","SFG","DTD","Lat","","",""
"47381-79142","P","Foster","Foster Griffin","Griffin","14","1","5500","KAN@DET","KAN","DET","IL","Forearm","","","0"
"47381-85289","P","Nick","Nick Anderson","Anderson","7","2","5500","TAM@ATL","TAM","ATL","","","","","0"
"47381-85288","P","Brusdar","Brusdar Graterol","Graterol","3.3333333333333335","3","5500","LOS@ARI","LOS","ARI","","","","",""
"47381-38191","P","Hansel","Hansel Robles","Robles","5","2","5500","SEA@LAA","LAA","SEA","","","","",""
"47381-79150","P","Josh","Josh Staumont","Staumont","7","3","5500","KAN@DET","KAN","DET","","","","","0"
"47381-12594","P","Jake","Jake McGee","McGee","7","3","5500","LOS@ARI","LOS","ARI","","","","",""
"47381-13635","P","Brad","Brad Hand","Hand","2.3333333333333335","3","5500","CLE@MIN","CLE","MIN","","","","","0"
"47381-113986","P","Emmanuel","Emmanuel Clase","Clase","6.0476190476190474","21","5500","CLE@MIN","CLE","MIN","NA","Suspension","","","0"
"47381-38216","P","Jose","Jose Cisnero","Cisnero","7","3","5500","KAN@DET","DET","KAN","","","","","0"
"47381-117065","P","James","James Karinchak","Karinchak","10.5","2","5500","CLE@MIN","CLE","MIN","","","","","0"
"47381-38217","P","Tommy","Tommy Kahnle","Kahnle","12","1","5500","NYY@BAL","NYY","BAL","","","","","0"
"47381-79185","P","Justin","Justin Dunn","Dunn","9","1","5500","SEA@LAA","SEA","LAA","","","","",""
"47381-38228","P","Trevor","Trevor May","May","10.5","2","5500","CLE@MIN","MIN","CLE","","","","","0"
"47381-79191","P","Fernando","Fernando Romero","Romero","4.2","15","5500","CLE@MIN","MIN","CLE","DTD","Not injury related","","","0"
"47381-79197","P","Chance","Chance Adams","Adams","6.076923076923077","13","5500","KAN@DET","KAN","DET","IL","Undisclosed","","","0"
"47381-135526","P","Adrian","Adrian De Horta","De Horta","0","0","5500","SEA@LAA","LAA","SEA","","","","",""
"47381-135525","P","Adam","Adam Seminaris","Seminaris","0","0","5500","SEA@LAA","LAA","SEA","","","","",""
"47381-135530","P","Brett","Brett de Geus","de Geus","0","0","5500","LOS@ARI","LOS","ARI","","","","",""
"47381-38251","P","Hunter","Hunter Strickland","Strickland","1.3333333333333333","3","5500","BOS@NYM","NYM","BOS","","","","","0"
"47381-79227","P","Adrian","Adrian Morejon","Morejon","4.8","5","5500","SDP@SFG","SDP","SFG","","","","",""
"47381-71034","P","Seth","Seth Lugo","Lugo","10.333333333333334","3","5500","BOS@NYM","NYM","BOS","","","","","0"
"47381-79239","P","Andrew","Andrew Suarez","Suarez","5.428571428571429","21","5500","SDP@SFG","SFG","SDP","","","","","0"
"47381-38287","P","Josh","Josh Osich","Osich","4.666666666666667","3","5500","BOS@NYM","BOS","NYM","","","","","0"
"47381-62871","P","Junior","Junior Guerra","Guerra","3.5","2","5500","LOS@ARI","ARI","LOS","","","","","0"
"47381-38303","P","Andrew","Andrew Chafin","Chafin","0.5","4","5500","LOS@ARI","ARI","LOS","","","","","0"
"47381-38304","P","Archie","Archie Bradley","Bradley","13","2","5500","LOS@ARI","ARI","LOS","","","","","0"
"47381-118179","P","Philip","Philip Pfeifer","Pfeifer","0","0","5500","TAM@ATL","ATL","TAM","IL","Elbow","","","0"
"47381-101803","P","Jacob","Jacob Webb","Webb","5.277777777777778","36","5500","TAM@ATL","ATL","TAM","IL","Shoulder","","","0"
"47381-101809","P","Josh","Josh Taylor","Taylor","5.615384615384615","52","5500","BOS@NYM","BOS","NYM","IL","Not injury related","","","0"
"47381-65968","P","Silvino","Silvino Bracho","Bracho","0","0","5500","LOS@ARI","ARI","LOS","IL","Elbow","","","0"
"47381-101813","P","Jean Carlos","Jean Carlos Mejia","Mejia","0","0","5500","CLE@MIN","CLE","MIN","","","","","0"
"47381-101814","P","Sam","Sam Hentges","Hentges","0","0","5500","CLE@MIN","CLE","MIN","","","","","0"
"47381-80313","P","Keynan","Keynan Middleton","Middleton","6.5","2","5500","SEA@LAA","LAA","SEA","","","","",""
"47381-101819","P","Jose","Jose Suarez","Suarez","14.68421052631579","19","5500","SEA@LAA","LAA","SEA","IL","Undisclosed","","",""
"47381-118205","P","Anthony","Anthony Castro","Castro","0","1","5500","KAN@DET","DET","KAN","","","","","0"
"47381-101822","P","Josh","Josh Sborz","Sborz","3.4285714285714284","7","5500","LOS@ARI","LOS","ARI","","","","",""
"47381-118208","P","Brooks","Brooks Kriske","Kriske","9","1","5500","NYY@BAL","NYY","BAL","","","","","0"
"47381-65987","P","Domingo","Domingo German","German","31.40740740740741","27","5500","NYY@BAL","NYY","BAL","NA","Suspension","","","0"
"47381-80345","P","Reyes","Reyes Moronta","Moronta","6.142857142857143","56","5500","SDP@SFG","SFG","SDP","IL","Shoulder","","","0"
"47381-135647","P","Ryan","Ryan Pepiot","Pepiot","0","0","5500","LOS@ARI","LOS","ARI","","","","",""
"47381-5599","P","Trevor","Trevor Cahill","Cahill","10.052631578947368","38","5500","SDP@SFG","SFG","SDP","DTD","Finger","","","0"
"47381-135650","P","Landon","Landon Knack","Knack","0","0","5500","LOS@ARI","LOS","ARI","","","","",""
"47381-135648","P","Bobby","Bobby Miller","Miller","0","0","5500","LOS@ARI","LOS","ARI","","","","",""
"47381-84452","P","Caleb","Caleb Ferguson","Ferguson","7.666666666666667","3","5500","LOS@ARI","LOS","ARI","","","","",""
"47381-85476","P","Jeffrey","Jeffrey Springs","Springs","-5","1","5500","BOS@NYM","BOS","NYM","","","","","0"
"47381-52717","P","Marcus","Marcus Walden","Walden","9","2","5500","BOS@NYM","BOS","NYM","","","","","0"
"47381-117232","P","Michael","Michael King","King","4","1","5500","NYY@BAL","NYY","BAL","","","","","0"
"47381-52733","P","Scott","Scott Alexander","Alexander","5.5","2","5500","LOS@ARI","LOS","ARI","","","","",""
"47381-82430","P","Yoshihisa","Yoshihisa Hirano","Hirano","4.645161290322581","62","5500","SEA@LAA","SEA","LAA","IL","Illness","","",""
"47381-85517","P","Trey","Trey Wingenter","Wingenter","5.470588235294118","51","5500","SDP@SFG","SDP","SFG","IL","Elbow","","",""
"47381-101913","P","Brandon","Brandon Brennan","Brennan","1","1","5500","SEA@LAA","SEA","LAA","IL","Oblique","","",""
"47381-85530","P","Jacob","Jacob Nix","Nix","0","0","5500","SDP@SFG","SDP","SFG","","","","",""
"47381-136734","P","Cam","Cam Hill","Hill","7.5","2","5500","CLE@MIN","CLE","MIN","","","","","0"
"47381-119331","P","Daniel","Daniel Espino","Espino","0","0","5500","CLE@MIN","CLE","MIN","","","","","0"
"47381-64044","P","Tyler","Tyler Duffey","Duffey","10.5","2","5500","CLE@MIN","MIN","CLE","","","","","0"
"47381-119340","P","Tarik","Tarik Skubal","Skubal","0","0","5500","KAN@DET","DET","KAN","","","","","0"
"47381-12848","P","Hector","Hector Rondon","Rondon","-1.5","2","5500","LOS@ARI","ARI","LOS","","","","","0"
"47381-5683","P","Oliver","Oliver Perez","Perez","9","1","5500","CLE@MIN","CLE","MIN","","","","","0"
"47381-71218","P","Dylan","Dylan Floro","Floro","5.666666666666667","3","5500","LOS@ARI","LOS","ARI","","","","",""
"47381-12860","P","Zack","Zack Britton","Britton","3","1","5500","NYY@BAL","NYY","BAL","","","","","0"
"47381-119373","P","Tony","Tony Dibrell","Dibrell","0","0","5500","BOS@NYM","NYM","BOS","","","","","0"
"47381-119375","P","Dedniel","Dedniel Nunez","Nunez","0","0","5500","BOS@NYM","NYM","BOS","","","","","0"
"47381-85582","P","Chad","Chad Sobotka","Sobotka","4.40625","32","5500","TAM@ATL","ATL","TAM","","","","","0"
"47381-85594","P","Jake","Jake Newberry","Newberry","6","1","5500","KAN@DET","KAN","DET","","","","","0"
"47381-80477","P","Hunter","Hunter Wood","Wood","5.944444444444445","36","5500","CLE@MIN","CLE","MIN","","","","","0"
"47381-119388","P","Junior","Junior Santos","Santos","0","0","5500","BOS@NYM","NYM","BOS","","","","","0"
"47381-80478","P","Reymin","Reymin Guduan","Guduan","2.7142857142857144","7","5500","LOS@ARI","LOS","ARI","","","","",""
"47381-119392","P","Josh","Josh Wolf","Wolf","0","0","5500","BOS@NYM","NYM","BOS","","","","","0"
"47381-80482","P","Randy","Randy Rosario","Rosario","3.8421052631578947","19","5500","KAN@DET","KAN","DET","IL","Arm","","","0"
"47381-21096","P","Erasmo","Erasmo Ramirez","Ramirez","0","1","5500","BOS@NYM","NYM","BOS","","","","","0"
"47381-82539","P","Jalen","Jalen Beeks","Beeks","21","2","5500","TAM@ATL","TAM","ATL","","","","","0"
"47381-119411","P","Joey","Joey Cantillo","Cantillo","0","0","5500","SDP@SFG","SDP","SFG","","","","",""
"47381-119413","P","Isaiah","Isaiah Campbell","Campbell","0","0","5500","SEA@LAA","SEA","LAA","","","","",""
"47381-135798","P","Garrett","Garrett Stallings","Stallings","0","0","5500","SEA@LAA","LAA","SEA","","","","",""
"47381-113268","P","Zac","Zac Grotz","Grotz","0","3","5500","SEA@LAA","SEA","LAA","","","","",""
"47381-119415","P","Juan","Juan Then","Then","0","0","5500","SEA@LAA","SEA","LAA","","","","",""
"47381-119414","P","George","George Kirby","Kirby","0","0","5500","SEA@LAA","SEA","LAA","","","","",""
"47381-118393","P","Stephen","Stephen Woods Jr.","Woods Jr.","0","0","5500","KAN@DET","KAN","DET","","","","","0"
"47381-119417","P","Brayan","Brayan Perez","Perez","0","0","5500","SEA@LAA","SEA","LAA","","","","",""
"47381-17017","P","Sean","Sean Gilmartin","Gilmartin","-5","1","5500","TAM@ATL","TAM","ATL","","","","","0"
"47381-118392","P","Rony","Rony Garcia","Garcia","12","1","5500","KAN@DET","DET","KAN","","","","","0"
"47381-119416","P","Brandon","Brandon Williamson","Williamson","0","0","5500","SEA@LAA","SEA","LAA","","","","",""
"47381-118395","P","Dany","Dany Jimenez","Jimenez","2","2","5500","SDP@SFG","SFG","SDP","","","","","0"
"47381-135800","P","Matt","Matt Blackham","Blackham","0","0","5500","BOS@NYM","NYM","BOS","","","","","0"
"47381-118394","P","Yohan","Yohan Ramirez","Ramirez","10.5","2","5500","SEA@LAA","SEA","LAA","","","","",""
"47381-17026","P","Heath","Heath Hembree","Hembree","6","3","5500","BOS@NYM","BOS","NYM","","","","","0"
"47381-119431","P","Seth","Seth Johnson","Johnson","0","0","5500","TAM@ATL","TAM","ATL","","","","","0"
"47381-62087","P","Miguel","Miguel Castro","Castro","3","2","5500","NYY@BAL","BAL","NYY","","","","","0"
"47381-119433","P","JJ","JJ Goss","Goss","0","0","5500","TAM@ATL","TAM","ATL","","","","","0"
"47381-119435","P","Riley","Riley O'Brien","O'Brien","0","0","5500","TAM@ATL","TAM","ATL","","","","","0"
"47381-17036","P","Dan","Dan Otero","Otero","3.56","25","5500","NYY@BAL","NYY","BAL","DTD","Undisclosed","","","0"
"47381-17037","P","Trevor","Trevor Rosenthal","Rosenthal","6","2","5500","KAN@DET","KAN","DET","","","","","0"
"47381-52877","P","Dominic","Dominic Leone","Leone","6","2","5500","CLE@MIN","CLE","MIN","","","","","0"
"47381-82572","P","Gregory","Gregory Soto","Soto","10.666666666666666","3","5500","KAN@DET","DET","KAN","","","","","0"
"47381-112275","P","Conner","Conner Menez","Menez","7.5","2","5500","SDP@SFG","SFG","SDP","","","","","0"
"47381-52887","P","Tyler","Tyler Matzek","Matzek","7.5","2","5500","TAM@ATL","ATL","TAM","","","","","0"
"47381-5784","P","David","David Price","Price","28.681818181818183","22","5500","LOS@ARI","LOS","ARI","DTD","Opt out","","",""
"47381-82587","P","Richard","Richard Lovelady","Lovelady","0","1","5500","KAN@DET","KAN","DET","","","","","0"
"47381-82592","P","Dennis","Dennis Santana","Santana","17","2","5500","LOS@ARI","LOS","ARI","","","","",""
"47381-111268","P","Daniel","Daniel Camarena","Camarena","0","0","5500","SDP@SFG","SDP","SFG","","","","",""
"47381-13992","P","Luis","Luis Avilan","Avilan","3.5","2","5500","NYY@BAL","NYY","BAL","","","","","0"
"47381-17065","P","Blake","Blake Treinen","Treinen","4","3","5500","LOS@ARI","LOS","ARI","","","","",""
"47381-114356","P","Kevin","Kevin Ginkel","Ginkel","1.6666666666666667","3","5500","LOS@ARI","ARI","LOS","","","","","0"
"47381-80571","P","Phil","Phil Maton","Maton","4.466666666666667","30","5500","CLE@MIN","CLE","MIN","","","","","0"
"47381-80570","P","Jimmy","Jimmy Yacabonis","Yacabonis","4.655172413793103","29","5500","SDP@SFG","SDP","SFG","","","","",""
"47381-82618","P","David","David Peterson","Peterson","26","1","5500","BOS@NYM","NYM","BOS","","","","","0"
"47381-38596","P","Chris","Chris Martin","Martin","4.5","2","5500","TAM@ATL","ATL","TAM","","","","","0"
"47381-82633","P","Michel","Michel Baez","Baez","6.208333333333333","24","5500","SDP@SFG","SDP","SFG","","","","",""
"47381-17100","P","Jeurys","Jeurys Familia","Familia","1.6666666666666667","3","5500","BOS@NYM","NYM","BOS","","","","","0"
"47381-17109","P","Oliver","Oliver Drake","Drake","4.666666666666667","3","5500","TAM@ATL","TAM","ATL","","","","","0"
"47381-81620","P","Aaron","Aaron Slegers","Slegers","6","1","5500","TAM@ATL","TAM","ATL","","","","","0"
"47381-21210","P","Mychal","Mychal Givens","Givens","10","1","5500","NYY@BAL","BAL","NYY","","","","","0"
"47381-112348","P","Cody","Cody Stashak","Stashak","10.5","2","5500","CLE@MIN","MIN","CLE","","","","","0"
"47381-13025","P","Pedro","Pedro Baez","Baez","4.333333333333333","3","5500","LOS@ARI","LOS","ARI","","","","",""
"47381-14049","P","Bryan","Bryan Shaw","Shaw","3","2","5500","SEA@LAA","SEA","LAA","","","","",""
"47381-53990","P","Shawn","Shawn Armstrong","Armstrong","9","1","5500","NYY@BAL","BAL","NYY","","","","","0"
"47381-81641","P","John","John Curtiss","Curtiss","7","1","5500","TAM@ATL","TAM","ATL","","","","","0"
"47381-81642","P","A.J.","A.J. Minter","Minter","6.666666666666667","3","5500","TAM@ATL","ATL","TAM","","","","","0"
"47381-84727","P","Drew","Drew Smith","Smith","4.5","2","5500","BOS@NYM","NYM","BOS","","","","","0"
"47381-84731","P","Evan","Evan Phillips","Phillips","3","1","5500","NYY@BAL","BAL","NYY","","","","","0"
"47381-5885","P","Jhoulys","Jhoulys Chacin","Chacin","20","1","5500","TAM@ATL","ATL","TAM","","","","","0"
"47381-84732","P","Robert","Robert Stock","Stock","4.7","10","5500","BOS@NYM","BOS","NYM","","","","","0"
"47381-13078","P","Brad","Brad Brach","Brach","4.6440677966101696","59","5500","BOS@NYM","NYM","BOS","IL","Not injury related","","","0"
"47381-53021","P","Nick","Nick Wittgren","Wittgren","5","3","5500","CLE@MIN","CLE","MIN","","","","","0"
"47381-103223","P","David","David McKay","McKay","-5","1","5500","KAN@DET","DET","KAN","","","","","0"
"47381-53048","P","Cam","Cam Bedrosian","Bedrosian","4.5","2","5500","SEA@LAA","LAA","SEA","","","","",""
"47381-13118","P","Justin","Justin Wilson","Wilson","3.75","4","5500","BOS@NYM","NYM","BOS","","","","","0"
"47381-14143","P","Jared","Jared Hughes","Hughes","4.305555555555555","72","5500","BOS@NYM","NYM","BOS","IL","Not injury related","","","0"
"47381-116548","P","Tyler","Tyler Rogers","Rogers","0.75","4","5500","SDP@SFG","SFG","SDP","","","","","0"
"47381-11108","P","Aroldis","Aroldis Chapman","Chapman","6.7","60","5500","NYY@BAL","NYY","BAL","IL","Illness","","","0"
"47381-104293","P","Nick","Nick Ramirez","Ramirez","8.326086956521738","46","5500","KAN@DET","DET","KAN","","","","","0"
"47381-68465","P","Yoan","Yoan Lopez","Lopez","3.5","2","5500","LOS@ARI","ARI","LOS","","","","","0"
"47381-70517","P","Chad","Chad Green","Green","12","2","5500","NYY@BAL","NYY","BAL","","","","","0"
"47381-68476","P","Taylor","Taylor Rogers","Rogers","9","1","5500","CLE@MIN","MIN","CLE","","","","","0"
"47381-13183","P","Dellin","Dellin Betances","Betances","4","3","5500","BOS@NYM","NYM","BOS","","","","","0"
"47381-108421","P","Phillips","Phillips Valdez","Valdez","9","2","5500","BOS@NYM","BOS","NYM","","","","","0"
"47381-13192","P","Tony","Tony Watson","Watson","2","1","5500","SDP@SFG","SFG","SDP","","","","","0"
"47381-68503","P","Ty","Ty Buttrey","Buttrey","1.3333333333333333","3","5500","SEA@LAA","LAA","SEA","","","","",""
"47381-112540","P","Jeremy","Jeremy Walker","Walker","6.666666666666667","6","5500","TAM@ATL","ATL","TAM","IL","Shoulder","","","0"
"47381-80801","P","Hoby","Hoby Milner","Milner","-1","2","5500","SEA@LAA","LAA","SEA","","","","",""
"47381-8101","P","Ian","Ian Kennedy","Kennedy","7.5","2","5500","KAN@DET","KAN","DET","","","","","0"
"47381-6054","P","Mark","Mark Melancon","Melancon","3","1","5500","TAM@ATL","ATL","TAM","","","","","0"
"47381-108461","P","Pete","Pete Fairbanks","Fairbanks","11.5","2","5500","TAM@ATL","TAM","ATL","","","","","0"
"47381-52143","P","Hunter","Hunter Harvey","Harvey","7.857142857142857","7","5500","NYY@BAL","BAL","NYY","IL","Elbow","","","0"
"47381-52146","P","Carl","Carl Edwards Jr.","Edwards Jr.","4.5","2","5500","SEA@LAA","SEA","LAA","","","","",""
"47381-68530","P","Jarlin","Jarlin Garcia","Garcia","4.566037735849057","53","5500","SDP@SFG","SFG","SDP","IL","Undisclosed","","","0"
"47381-52148","P","Pierce","Pierce Johnson","Johnson","4","1","5500","SDP@SFG","SDP","SFG","","","","",""
"47381-68534","P","Stephen","Stephen Gonsalves","Gonsalves","0","0","5500","BOS@NYM","BOS","NYM","","","","","0"
"47381-70585","P","Richard","Richard Bleier","Bleier","11","1","5500","NYY@BAL","BAL","NYY","","","","","0"
"47381-68541","P","Taylor","Taylor Williams","Williams","7","3","5500","SEA@LAA","SEA","LAA","","","","",""
"47381-68542","P","Robert","Robert Gsellman","Gsellman","5.461538461538462","52","5500","BOS@NYM","NYM","BOS","IL","Triceps","","","0"
"47381-104387","P","Parker","Parker Markel","Markel","4.05","20","5500","SEA@LAA","LAA","SEA","DTD","Undisclosed","","",""
"47381-68548","P","Edwin","Edwin Diaz","Diaz","7.5","2","5500","BOS@NYM","NYM","BOS","","","","","0"
"47381-68552","P","Sam","Sam Coonrod","Coonrod","2.6666666666666665","3","5500","SDP@SFG","SFG","SDP","","","","","0"
"47381-5069","P","Craig","Craig Stammen","Stammen","1.3333333333333333","3","5500","SDP@SFG","SDP","SFG","","","","",""
"47381-68556","P","Dillon","Dillon Tate","Tate","4.875","16","5500","NYY@BAL","BAL","NYY","IL","Forearm","","","0"
"47381-80849","P","Adam","Adam Kolarek","Kolarek","8.666666666666666","3","5500","LOS@ARI","LOS","ARI","","","","",""
"47381-5074","P","Tyler","Tyler Clippard","Clippard","5","3","5500","CLE@MIN","MIN","CLE","","","","","0"
"47381-13271","P","Will","Will Smith","Smith","7.301587301587301","63","5500","TAM@ATL","ATL","TAM","IL","Illness","","","0"
"47381-52184","P","Matt","Matt Wisler","Wisler","12.5","2","5500","CLE@MIN","MIN","CLE","","","","","0"
"47381-82911","P","Adam","Adam Cimber","Cimber","2.6666666666666665","3","5500","CLE@MIN","CLE","MIN","","","","","0"
"47381-52192","P","Luke","Luke Jackson","Jackson","9","2","5500","TAM@ATL","ATL","TAM","","","","","0"
"47381-12257","P","Adam","Adam Ottavino","Ottavino","3","1","5500","NYY@BAL","NYY","BAL","","","","","0"
"47381-70629","P","Jacob","Jacob Barnes","Barnes","2","3","5500","SEA@LAA","LAA","SEA","","","","",""
"47381-79848","P","Paul","Paul Sewald","Sewald","3","1","5500","BOS@NYM","NYM","BOS","","","","","0"
"47381-82924","P","Tim","Tim Hill","Hill","5","3","5500","SDP@SFG","SDP","SFG","","","","",""
"47381-68591","P","Anderson","Anderson Espinoza","Espinoza","0","0","5500","SDP@SFG","SDP","SFG","IL","Elbow","","",""
"47381-68590","P","Javy","Javy Guerra","Guerra","4.666666666666667","3","5500","SDP@SFG","SDP","SFG","","","","",""
"47381-5107","P","Sergio","Sergio Romo","Romo","6","2","5500","CLE@MIN","MIN","CLE","","","","","0"
"47381-81917","P","Dillon","Dillon Peters","Peters","16.941176470588236","17","5500","SEA@LAA","LAA","SEA","IL","Oblique","","",""
"47381-12933","OF","Mike","Mike Trout","Trout","10.933333079020182","6","4500","SEA@LAA","LAA","SEA","","","","",""
"47381-79159","OF","Cody","Cody Bellinger","Bellinger","7.266666412353516","6","4300","LOS@ARI","LOS","ARI","","","","",""
"47381-39151","OF","Mookie","Mookie Betts","Betts","9.34999974568685","6","4200","LOS@ARI","LOS","ARI","","","","",""
"47381-60643","OF","Aaron","Aaron Judge","Judge","12.574999809265137","4","4100","NYY@BAL","NYY","BAL","","","","","2"
"47381-16951","3B","Anthony","Anthony Rendon","Rendon","20.299999237060547","2","4000","SEA@LAA","LAA","SEA","","","","",""
"47381-13540","OF","J.D.","J.D. Martinez","Martinez","10.383333206176758","6","3900","BOS@NYM","BOS","NYM","","","","","3"
"47381-82614","1B","Pete","Pete Alonso","Alonso","8.233333587646484","6","3900","BOS@NYM","NYM","BOS","","","","","2"
"47381-12302","OF","Giancarlo","Giancarlo Stanton","Stanton","18.024999618530273","4","3800","NYY@BAL","NYY","BAL","","","","","4"
"47381-38976","3B","Jose","Jose Ramirez","Ramirez","16.083333333333332","6","3800","CLE@MIN","CLE","MIN","","","","","2"
"47381-5763","OF","Nelson","Nelson Cruz","Cruz","24.780000305175783","5","3800","CLE@MIN","MIN","CLE","","","","","4"
"47381-79756","OF","Ronald","Ronald Acuna Jr.","Acuna Jr.","6.633333206176758","6","3800","TAM@ATL","ATL","TAM","","","","","1"
"47381-13423","OF","Starling","Starling Marte","Marte","12.359999847412109","5","3700","LOS@ARI","ARI","LOS","","","","","3"
"47381-13487","OF","Tommy","Tommy Pham","Pham","10.683333079020182","6","3700","SDP@SFG","SDP","SFG","","","","",""
"47381-79393","SS","Fernando","Fernando Tatis Jr.","Tatis Jr.","16.166666666666668","6","3700","SDP@SFG","SDP","SFG","","","","",""
"47381-23107","OF","Jorge","Jorge Soler","Soler","10.34999974568685","6","3700","KAN@DET","KAN","DET","","","","","2"
"47381-52176","1B","Max","Max Muncy","Muncy","13.383333841959635","6","3600","LOS@ARI","LOS","ARI","","","","",""
"47381-52180","OF","Austin","Austin Meadows","Meadows","12.464492576709691","138","3600","TAM@ATL","TAM","ATL","IL","Not injury related","","","0"
"47381-11334","1B","Freddie","Freddie Freeman","Freeman","13.5","6","3500","TAM@ATL","ATL","TAM","","","","","3"
"47381-6312","3B","Justin","Justin Turner","Turner","12.516666412353516","6","3500","LOS@ARI","LOS","ARI","","","","",""
"47381-16952","SS","Francisco","Francisco Lindor","Lindor","8.90000025431315","6","3500","CLE@MIN","CLE","MIN","","","","","3"
"47381-17086","OF","Marcell","Marcell Ozuna","Ozuna","13.966667175292969","6","3500","TAM@ATL","ATL","TAM","","","","","4"
"47381-68587","2B","Ozzie","Ozzie Albies","Albies","10.549999872843424","6","3500","TAM@ATL","ATL","TAM","","","","","2"
"47381-21874","SS","Jorge","Jorge Polanco","Polanco","12","5","3400","CLE@MIN","MIN","CLE","","","","","3"
"47381-85504","2B","Brandon","Brandon Lowe","Lowe","13.550000508626303","6","3400","TAM@ATL","TAM","ATL","","","","","3"
"47381-68585","3B","Rafael","Rafael Devers","Devers","7.666666666666667","6","3400","BOS@NYM","BOS","NYM","","","","","0"
"47381-37982","SS","Xander","Xander Bogaerts","Bogaerts","7.483333587646484","6","3300","BOS@NYM","BOS","NYM","","","","","4"
"47381-13567","2B","DJ","DJ LeMahieu","LeMahieu","15.633333841959635","3","3300","NYY@BAL","NYY","BAL","","","","","1"
"47381-21853","2B","Ketel","Ketel Marte","Marte","6.616666793823242","6","3300","LOS@ARI","ARI","LOS","","","","","1"
"47381-70562","OF","Whit","Whit Merrifield","Merrifield","18.28333282470703","6","3300","KAN@DET","KAN","DET","","","","","1"
"47381-38412","SS","Corey","Corey Seager","Seager","12.416666666666666","6","3200","LOS@ARI","LOS","ARI","","","","",""
"47381-12931","OF","Wil","Wil Myers","Myers","15.583333333333334","6","3200","SDP@SFG","SDP","SFG","","","","",""
"47381-12310","1B","Carlos","Carlos Santana","Santana","10.299999872843424","6","3100","CLE@MIN","CLE","MIN","","","","","4"
"47381-38040","OF","Eddie","Eddie Rosario","Rosario","11.9","5","3100","CLE@MIN","MIN","CLE","","","","","5"
"47381-79234","OF","Kyle","Kyle Lewis","Lewis","15.583333333333334","6","3100","SEA@LAA","SEA","LAA","","","","",""
"47381-12928","1B","Eric","Eric Hosmer","Hosmer","22.3000005086263","3","3100","SDP@SFG","SDP","SFG","DTD","Illness","","",""
"47381-13966","3B","Kyle","Kyle Seager","Seager","14.09999974568685","6","3100","SEA@LAA","SEA","LAA","","","","",""
"47381-68588","SS","Gleyber","Gleyber Torres","Torres","8.550000190734863","4","3100","NYY@BAL","NYY","BAL","","","","","3"
"47381-38965","1B","C.J.","C.J. Cron","Cron","11.933333079020182","6","3000","KAN@DET","DET","KAN","","","","","4"
"47381-60642","OF","Michael","Michael Conforto","Conforto","10.233333587646484","6","3000","BOS@NYM","NYM","BOS","","","","","5"
"47381-79156","2B","David","David Fletcher","Fletcher","11.816666920979818","6","3000","SEA@LAA","LAA","SEA","","","","",""
"47381-21875","OF","Max","Max Kepler","Kepler","11.774999618530273","4","3000","CLE@MIN","MIN","CLE","","","","","1"
"47381-82440","OF","Shohei","Shohei Ohtani","Ohtani","7.6400001525878904","5","3000","SEA@LAA","LAA","SEA","","","","",""
"47381-13864","OF","Joc","Joc Pederson","Pederson","8.399999618530273","4","3000","LOS@ARI","LOS","ARI","","","","",""
"47381-13929","3B","Manny","Manny Machado","Machado","11.90000025431315","6","3000","SDP@SFG","SDP","SFG","","","","",""
"47381-12113","3B","Josh","Josh Donaldson","Donaldson","9.319999694824219","5","3000","CLE@MIN","MIN","CLE","","","","","2"
"47381-68586","SS","Dansby","Dansby Swanson","Swanson","16.833333333333332","6","3000","TAM@ATL","ATL","TAM","","","","","6"
"47381-85307","3B","Jeff","Jeff McNeil","McNeil","9.34999974568685","6","2900","BOS@NYM","NYM","BOS","","","","","3"
"47381-38299","OF","Kevin","Kevin Pillar","Pillar","18.075000762939453","4","2900","BOS@NYM","BOS","NYM","","","","","2"
"47381-13792","2B","Kike","Kike Hernandez","Hernandez","11.65000025431315","6","2900","LOS@ARI","LOS","ARI","","","","",""
"47381-16945","C","Gary","Gary Sanchez","Sanchez","0","4","2900","NYY@BAL","NYY","BAL","","","","","7"
"47381-12970","OF","A.J.","A.J. Pollock","Pollock","8.300000190734863","4","2900","LOS@ARI","LOS","ARI","","","","",""
"47381-17198","2B","Tommy","Tommy La Stella","La Stella","7.066666920979817","6","2900","SEA@LAA","LAA","SEA","","","","",""
"47381-13266","C","Salvador","Salvador Perez","Perez","8.84999974568685","6","2900","KAN@DET","KAN","DET","","","","","3"
"47381-73875","OF","Jose","Jose Martinez","Martinez","12.55999984741211","5","2800","TAM@ATL","TAM","ATL","","","","","2"
"47381-83164","OF","Jake","Jake Cave","Cave","17.133333841959637","3","2800","CLE@MIN","MIN","CLE","","","","","0"
"47381-13858","C","Christian","Christian Vazquez","Vazquez","17.274999618530273","4","2800","BOS@NYM","BOS","NYM","","","","","5"
"47381-80838","1B","Luke","Luke Voit","Voit","7.233333587646484","3","2800","NYY@BAL","NYY","BAL","","","","","6"
"47381-79884","OF","Anthony","Anthony Santander","Santander","12.649999618530273","4","2700","NYY@BAL","BAL","NYY","","","","","4"
"47381-13354","2B","Cesar","Cesar Hernandez","Hernandez","9.259999847412109","5","2700","CLE@MIN","CLE","MIN","","","","","1"
"47381-6197","OF","Justin","Justin Upton","Upton","8.40000025431315","6","2700","SEA@LAA","LAA","SEA","","","","",""
"47381-12462","1B","Mitch","Mitch Moreland","Moreland","15.774999618530273","4","2700","BOS@NYM","BOS","NYM","","","","","0"
"47381-13694","OF","Marwin","Marwin Gonzalez","Gonzalez","11.233333587646484","3","2700","CLE@MIN","MIN","CLE","","","","","0"
"47381-101827","2B","Luis","Luis Arraez","Arraez","10.274999618530273","4","2700","CLE@MIN","MIN","CLE","","","","","7"
"47381-79401","C","Will","Will Smith","Smith","7.925000190734863","4","2700","LOS@ARI","LOS","ARI","","","","",""
"47381-13924","OF","Kole","Kole Calhoun","Calhoun","6.616666793823242","6","2700","LOS@ARI","ARI","LOS","","","","","2"
"47381-12919","SS","Jose","Jose Iglesias","Iglesias","13.225000381469727","4","2700","NYY@BAL","BAL","NYY","DTD","Quadriceps","","","0"
"47381-118408","OF","Yoshi","Yoshi Tsutsugo","Tsutsugo","10.016666412353516","6","2700","TAM@ATL","TAM","ATL","","","","","0"
"47381-54068","OF","Hunter","Hunter Renfroe","Renfroe","11.133333841959635","6","2700","TAM@ATL","TAM","ATL","","","","","4"
"47381-13239","3B","Eduardo","Eduardo Escobar","Escobar","6.233333587646484","6","2700","LOS@ARI","ARI","LOS","","","","","4"
"47381-52161","3B","Rio","Rio Ruiz","Ruiz","14.633333841959635","3","2700","NYY@BAL","BAL","NYY","","","","","8"
"47381-52179","SS","J.P.","J.P. Crawford","Crawford","13.333333333333334","6","2700","SEA@LAA","SEA","LAA","","","","",""
"47381-81924","SS","Niko","Niko Goodrum","Goodrum","8.733333587646484","6","2600","KAN@DET","DET","KAN","","","","","0"
"47381-5177","1B","Albert","Albert Pujols","Pujols","9.274999618530273","4","2600","SEA@LAA","LAA","SEA","","","","",""
"47381-11344","C","Jason","Jason Castro","Castro","8.475000381469727","4","2600","SEA@LAA","LAA","SEA","","","","",""
"47381-73832","SS","Joey","Joey Wendle","Wendle","9.95999984741211","5","2600","TAM@ATL","TAM","ATL","","","","","7"
"47381-38112","3B","Gio","Gio Urshela","Urshela","6.900000095367432","4","2600","NYY@BAL","NYY","BAL","","","","","8"
"47381-60655","SS","Willy","Willy Adames","Adames","11.11999969482422","5","2600","TAM@ATL","TAM","ATL","","","","","5"
"47381-79120","3B","Yandy","Yandy Diaz","Diaz","6.680000305175781","5","2600","TAM@ATL","TAM","ATL","","","","","1"
"47381-38247","2B","Hanser","Hanser Alberto","Alberto","10.024999618530273","4","2600","NYY@BAL","BAL","NYY","","","","","2"
"47381-53725","1B","Renato","Renato Nunez","Nunez","11.024999618530273","4","2600","NYY@BAL","BAL","NYY","","","","","3"
"47381-16947","2B","Jonathan","Jonathan Schoop","Schoop","11.59999974568685","6","2600","KAN@DET","DET","KAN","","","","","2"
"47381-16950","1B","Miguel","Miguel Sano","Sano","3.0999999046325684","4","2600","CLE@MIN","MIN","CLE","","","","","8"
"47381-16964","OF","Yoenis","Yoenis Cespedes","Cespedes","10.519999694824218","5","2600","BOS@NYM","NYM","BOS","","","","","6"
"47381-53033","OF","Mike","Mike Yastrzemski","Yastrzemski","14.333333333333334","6","2600","SDP@SFG","SFG","SDP","","","","","1"
"47381-68470","OF","JaCoby","JaCoby Jones","Jones","16.6999994913737","6","2600","KAN@DET","DET","KAN","","","","","9"
"47381-52162","OF","Hunter","Hunter Dozier","Dozier","11.071942446043165","139","2600","KAN@DET","KAN","DET","IL","Illness","","","0"
"47381-52164","SS","Adalberto","Adalberto Mondesi","Mondesi","4.066666603088379","6","2600","KAN@DET","KAN","DET","","","","","7"
"47381-52170","OF","Dominic","Dominic Smith","Smith","11.90000025431315","3","2600","BOS@NYM","NYM","BOS","","","","","0"
"47381-52178","3B","Maikel","Maikel Franco","Franco","14.183333079020182","6","2600","KAN@DET","KAN","DET","","","","","5"
"47381-52187","1B","Ji-Man","Ji-Man Choi","Choi","10.019999694824218","5","2600","TAM@ATL","TAM","ATL","DTD","Shoulder","","","0"
"47381-5118","1B","Miguel","Miguel Cabrera","Cabrera","6.200000127156575","6","2600","KAN@DET","DET","KAN","","","","","3"
"47381-81953","OF","Austin","Austin Hays","Hays","6.224999904632568","4","2500","NYY@BAL","BAL","NYY","","","","","1"
"47381-39086","OF","Byron","Byron Buxton","Buxton","6.699999809265137","1","2500","CLE@MIN","MIN","CLE","","","","","9"
"47381-79175","OF","Trent","Trent Grisham","Grisham","13","6","2500","SDP@SFG","SDP","SFG","","","","",""
"47381-38218","1B","Christian","Christian Walker","Walker","8.719999694824219","5","2500","LOS@ARI","ARI","LOS","","","","","5"
"47381-53586","OF","David","David Peralta","Peralta","6.316666920979817","6","2500","LOS@ARI","ARI","LOS","","","","","6"
"47381-79195","3B","Miguel","Miguel Andujar","Andujar","0","1","2500","NYY@BAL","NYY","BAL","","","","","9"
"47381-118210","SS","Jake","Jake Cronenworth","Cronenworth","7.849999904632568","2","2500","SDP@SFG","SDP","SFG","","","","",""
"47381-73159","OF","Mitch","Mitch Haniger","Haniger","11.590476384238592","63","2500","SEA@LAA","SEA","LAA","IL","Back","","",""
"47381-5607","3B","Evan","Evan Longoria","Longoria","9.242636037427326","129","2500","SDP@SFG","SFG","SDP","","","","","5"
"47381-17014","SS","Andrelton","Andrelton Simmons","Simmons","5.474999904632568","4","2500","SEA@LAA","LAA","SEA","IL","Ankle","","",""
"47381-14000","1B","Darin","Darin Ruf","Ruf","9.40000025431315","3","2500","SDP@SFG","SFG","SDP","","","","","0"
"47381-82637","1B","Evan","Evan White","White","7.816666920979817","6","2500","SEA@LAA","SEA","LAA","","","","",""
"47381-38615","OF","Domingo","Domingo Santana","Santana","7.675000190734863","4","2500","CLE@MIN","CLE","MIN","","","","","7"
"47381-81622","C","Mitch","Mitch Garver","Garver","6.233333587646484","3","2500","CLE@MIN","MIN","CLE","","","","","6"
"47381-112379","OF","Tim","Tim Lopes","Lopes","13.560000610351562","5","2500","SEA@LAA","SEA","LAA","","","","",""
"47381-5948","OF","Brett","Brett Gardner","Gardner","0.75","4","2500","NYY@BAL","NYY","BAL","","","","","0"
"47381-68533","OF","Brett","Brett Phillips","Phillips","13.25","4","2500","KAN@DET","KAN","DET","","","","","9"
"47381-13262","2B","Jurickson","Jurickson Profar","Profar","6.719999694824219","5","2500","SDP@SFG","SDP","SFG","","","","",""
"47381-68589","SS","Amed","Amed Rosario","Rosario","8.180000305175781","5","2500","BOS@NYM","NYM","BOS","","","","","1"
"47381-21612","SS","Nick","Nick Ahmed","Ahmed","2.5333333015441895","6","2400","LOS@ARI","ARI","LOS","","","","","9"
"47381-13436","C","Max","Max Stassi","Stassi","10.225000381469727","4","2400","SEA@LAA","LAA","SEA","","","","",""
"47381-21637","OF","Jackie","Jackie Bradley Jr.","Bradley Jr.","9.883333206176758","6","2400","BOS@NYM","BOS","NYM","","","","","0"
"47381-6292","C","Buster","Buster Posey","Posey","7.29473662794682","114","2400","SDP@SFG","SFG","SDP","DTD","Opt out","","","0"
"47381-84133","OF","Franmil","Franmil Reyes","Reyes","3.7400001525878905","5","2400","CLE@MIN","CLE","MIN","","","","","5"
"47381-60630","OF","Bradley","Bradley Zimmer","Zimmer","7.316666920979817","6","2400","CLE@MIN","CLE","MIN","","","","","6"
"47381-5390","2B","Robinson","Robinson Cano","Cano","6.183333079020183","6","2400","BOS@NYM","NYM","BOS","","","","","0"
"47381-21797","2B","Jose","Jose Peraza","Peraza","6.733333587646484","6","2400","BOS@NYM","BOS","NYM","","","","","1"
"47381-79160","OF","Alex","Alex Verdugo","Verdugo","4.550000190734863","4","2400","BOS@NYM","BOS","NYM","","","","","6"
"47381-13799","1B","Matt","Matt Adams","Adams","6.900000254313151","6","2400","TAM@ATL","ATL","TAM","","","","","0"
"47381-82414","OF","Victor","Victor Reyes","Reyes","9.319999694824219","5","2400","KAN@DET","DET","KAN","","","","","0"
"47381-13894","OF","Aaron","Aaron Hicks","Hicks","8.600000381469727","4","2400","NYY@BAL","NYY","BAL","","","","","5"
"47381-12900","1B","Brandon","Brandon Belt","Belt","8.722435584435097","156","2400","SDP@SFG","SFG","SDP","","","","","4"
"47381-82551","2B","Shed","Shed Long Jr.","Long Jr.","9.883333206176758","6","2400","SEA@LAA","SEA","LAA","","","","",""
"47381-38561","2B","Chris","Chris Taylor","Taylor","5.666666666666667","6","2400","LOS@ARI","LOS","ARI","","","","",""
"47381-17097","OF","Brandon","Brandon Nimmo","Nimmo","10.84999974568685","6","2400","BOS@NYM","NYM","BOS","","","","","9"
"47381-68495","OF","Andrew","Andrew Benintendi","Benintendi","6.116666793823242","6","2400","BOS@NYM","BOS","NYM","","","","","8"
"47381-68525","OF","J.D.","J.D. Davis","Davis","8.34999974568685","6","2400","BOS@NYM","NYM","BOS","","","","","4"
"47381-52150","OF","Clint","Clint Frazier","Frazier","9.017391481261322","69","2400","NYY@BAL","NYY","BAL","","","","","0"
"47381-52197","OF","Brian","Brian Goodwin","Goodwin","13.399999618530273","4","2400","SEA@LAA","LAA","SEA","","","","",""
"47381-5146","OF","Hunter","Hunter Pence","Pence","0.6","5","2300","SDP@SFG","SFG","SDP","","","","","0"
"47381-37983","C","Mike","Mike Zunino","Zunino","6.780000305175781","5","2300","TAM@ATL","TAM","ATL","","","","","9"
"47381-54401","OF","Manuel","Manuel Margot","Margot","3.6000000635782876","6","2300","TAM@ATL","TAM","ATL","","","","","8"
"47381-116867","C","Tyler","Tyler Heineman","Heineman","9.225000381469727","4","2300","SDP@SFG","SFG","SDP","","","","","8"
"47381-116888","OF","Jaylin","Jaylin Davis","Davis","6.224999904632568","4","2300","SDP@SFG","SFG","SDP","","","","","0"
"47381-83143","OF","Oscar","Oscar Mercado","Mercado","3.3","5","2300","CLE@MIN","CLE","MIN","","","","","9"
"47381-79074","3B","Austin","Austin Riley","Riley","4.94000015258789","5","2300","TAM@ATL","ATL","TAM","","","","","8"
"47381-79141","1B","Ryan","Ryan O'Hearn","O'Hearn","7.400000254313151","3","2300","KAN@DET","KAN","DET","","","","","4"
"47381-13638","3B","Wilmer","Wilmer Flores","Flores","6.700000127156575","6","2300","SDP@SFG","SFG","SDP","","","","","0"
"47381-38282","1B","Daniel","Daniel Vogelbach","Vogelbach","1","3","2300","SEA@LAA","SEA","LAA","","","","",""
"47381-52732","OF","Jorge","Jorge Bonifacio","Bonifacio","10.61999969482422","5","2300","KAN@DET","DET","KAN","","","","","0"
"47381-71182","3B","Jeimer","Jeimer Candelario","Candelario","1.5","4","2300","KAN@DET","DET","KAN","","","","","7"
"47381-13961","OF","Kevin","Kevin Kiermaier","Kiermaier","8.433333079020182","6","2300","TAM@ATL","TAM","ATL","","","","","0"
"47381-13009","C","Austin","Austin Romine","Romine","6.175000190734863","4","2300","KAN@DET","DET","KAN","","","","","8"
"47381-13099","C","Travis","Travis d'Arnaud","d'Arnaud","12.699999809265137","1","2300","TAM@ATL","ATL","TAM","","","","","0"
"47381-12123","C","Wilson","Wilson Ramos","Ramos","4.240000152587891","5","2300","BOS@NYM","NYM","BOS","","","","","8"
"47381-38842","OF","Mallex","Mallex Smith","Smith","5.550000190734863","4","2300","SEA@LAA","SEA","LAA","","","","",""
"47381-5135","OF","Alex","Alex Gordon","Gordon","2","6","2200","KAN@DET","KAN","DET","","","","","6"
"47381-13412","SS","Donovan","Donovan Solano","Solano","12.180000305175781","5","2200","SDP@SFG","SFG","SDP","","","","","3"
"47381-5263","OF","Nick","Nick Markakis","Markakis","9.424137510102371","116","2200","TAM@ATL","ATL","TAM","DTD","Undisclosed","","","0"
"47381-102591","OF","Jake","Jake Fraley","Fraley","3.3416665395100913","12","2200","SEA@LAA","SEA","LAA","","","","",""
"47381-13516","C","Stephen","Stephen Vogt","Vogt","3.1666666666666665","3","2200","LOS@ARI","ARI","LOS","","","","","0"
"47381-38117","OF","Adam","Adam Duvall","Duvall","3.6499999364217124","6","2200","TAM@ATL","ATL","TAM","","","","","5"
"47381-79087","2B","Michael","Michael Chavis","Chavis","2.066666603088379","3","2200","BOS@NYM","BOS","NYM","","","","","7"
"47381-38196","3B","Jake","Jake Lamb","Lamb","2.4","5","2200","LOS@ARI","ARI","LOS","","","","","7"
"47381-13691","OF","Ender","Ender Inciarte","Inciarte","5.816666920979817","6","2200","TAM@ATL","ATL","TAM","","","","","0"
"47381-65991","C","Pedro","Pedro Severino","Severino","4","3","2200","NYY@BAL","BAL","NYY","","","","","5"
"47381-101841","OF","Edward","Edward Olivares","Olivares","8.600000381469727","4","2200","SDP@SFG","SDP","SFG","","","","",""
"47381-81506","OF","Jordan","Jordan Luplow","Luplow","3.0999999046325684","2","2200","CLE@MIN","CLE","MIN","","","","","0"
"47381-80485","1B","Austin","Austin Slater","Slater","12.100000381469727","2","2200","SDP@SFG","SFG","SDP","","","","","0"
"47381-12961","SS","Brandon","Brandon Crawford","Crawford","2.5333333015441895","6","2200","SDP@SFG","SFG","SDP","","","","","7"
"47381-21165","C","Roberto","Roberto Perez","Perez","3.066666603088379","3","2200","CLE@MIN","CLE","MIN","IL","Shoulder","","","0"
"47381-17145","2B","Greg","Greg Garcia","Garcia","5.550000190734863","4","2200","SDP@SFG","SDP","SFG","","","","",""
"47381-5904","1B","Chris","Chris Davis","Davis","4.166666666666667","3","2200","NYY@BAL","BAL","NYY","DTD","Undisclosed","","","0"
"47381-110404","2B","Mike","Mike Brosseau","Brosseau","3.174999952316284","4","2200","TAM@ATL","TAM","ATL","","","","","6"
"47381-82824","1B","Mike","Mike Ford","Ford","6.349999904632568","2","2200","NYY@BAL","NYY","BAL","","","","","0"
"47381-68492","C","Chance","Chance Sisco","Sisco","6.099999904632568","2","2200","NYY@BAL","BAL","NYY","","","","","0"
"47381-102284","C","William","William Contreras","Contreras","4.625","4","2200","TAM@ATL","ATL","TAM","","","","","0"
"47381-6047","OF","Cameron","Cameron Maybin","Maybin","3.6799999237060548","5","2200","KAN@DET","DET","KAN","","","","","6"
"47381-68537","2B","Tyler","Tyler Wade","Wade","3.066666603088379","3","2200","NYY@BAL","NYY","BAL","","","","","0"
"47381-52157","C","Tom","Tom Murphy","Murphy","9.62368453176398","76","2200","SEA@LAA","SEA","LAA","IL","Foot","","",""
"47381-12237","C","Jonathan","Jonathan Lucroy","Lucroy","0","1","2200","BOS@NYM","BOS","NYM","","","","","0"
"47381-80847","OF","Mike","Mike Tauchman","Tauchman","0","2","2200","NYY@BAL","NYY","BAL","","","","","0"
"47381-5122","C","Alex","Alex Avila","Avila","7.849999904632568","2","2100","CLE@MIN","MIN","CLE","","","","","0"
"47381-38952","OF","Alex","Alex Dickerson","Dickerson","10.774999618530273","4","2100","SDP@SFG","SFG","SDP","","","","","2"
"47381-13368","OF","Billy","Billy Hamilton","Hamilton","5.652941279050682","119","2100","SDP@SFG","SFG","SDP","","","","","0"
"47381-82021","C","Tomas","Tomas Nido","Nido","12.199999809265137","1","2100","BOS@NYM","NYM","BOS","","","","","0"
"47381-13422","OF","Jake","Jake Marisnick","Marisnick","0.6","5","2100","BOS@NYM","NYM","BOS","IL","Hamstring","","","0"
"47381-116865","1B","Ryan","Ryan McBroom","McBroom","2.375","4","2100","KAN@DET","KAN","DET","","","","","0"
"47381-6282","C","Tyler","Tyler Flowers","Flowers","8.014117790670955","85","2100","TAM@ATL","ATL","TAM","","","","","9"
"47381-73871","C","Carson","Carson Kelly","Kelly","2.5","5","2100","LOS@ARI","ARI","LOS","","","","","8"
"47381-12505","2B","Eduardo","Eduardo Nunez","Nunez","4.5","2","2100","BOS@NYM","NYM","BOS","IL","Knee","","","0"
"47381-79068","3B","Dawel","Dawel Lugo","Lugo","3.0999999046325684","2","2100","KAN@DET","DET","KAN","","","","","0"
"47381-109803","C","Austin","Austin Nola","Nola","5.300000190734863","4","2100","SEA@LAA","SEA","LAA","DTD","Knee","","",""
"47381-79113","C","Francisco","Francisco Mejia","Mejia","3.0999999046325684","4","2100","SDP@SFG","SDP","SFG","","","","",""
"47381-79112","3B","Yu","Yu Chang","Chang","4.599999904632568","2","2100","CLE@MIN","CLE","MIN","","","","","0"
"47381-79131","OF","Christin","Christin Stewart","Stewart","4.700000127156575","6","2100","KAN@DET","DET","KAN","","","","","5"
"47381-79181","2B","Mauricio","Mauricio Dubon","Dubon","4.3799999237060545","5","2100","SDP@SFG","SFG","SDP","","","","","0"
"47381-13687","3B","Jordy","Jordy Mercer","Mercer","3.0999999046325684","2","2100","KAN@DET","DET","KAN","","","","","0"
"47381-38297","C","Austin","Austin Barnes","Barnes","3.875","4","2100","LOS@ARI","LOS","ARI","","","","",""
"47381-101820","1B","Matt","Matt Beaty","Beaty","0","1","2100","LOS@ARI","LOS","ARI","","","","",""
"47381-101842","1B","Ty","Ty France","France","4.066666603088379","3","2100","SDP@SFG","SDP","SFG","","","","",""
"47381-13794","OF","Delino","Delino DeShields","DeShields","7.50339003740731","118","2100","CLE@MIN","CLE","MIN","IL","Illness","","","0"
"47381-80459","OF","Franchy","Franchy Cordero","Cordero","3.8499999046325684","4","2100","KAN@DET","KAN","DET","","","","","8"
"47381-12935","2B","Dee","Dee Gordon","Gordon","6.066666920979817","3","2100","SEA@LAA","SEA","LAA","","","","",""
"47381-6029","2B","Jed","Jed Lowrie","Lowrie","0.3333333333333333","9","2100","BOS@NYM","NYM","BOS","IL","Knee","","","0"
"47381-68499","3B","Johan","Johan Camargo","Camargo","6.150000095367432","4","2100","TAM@ATL","ATL","TAM","","","","","7"
"47381-52171","C","Kevin","Kevin Plawecki","Plawecki","12.350000381469727","2","2100","BOS@NYM","BOS","NYM","","","","","0"
"47381-5084","C","Chris","Chris Iannetta","Iannetta","7.201923076923077","52","2100","NYY@BAL","NYY","BAL","","","","","0"
"47381-5104","1B","Pablo","Pablo Sandoval","Sandoval","2.5833333333333335","6","2100","SDP@SFG","SFG","SDP","","","","","6"
"47381-97291","2B","Harold","Harold Castro","Castro","0.6","5","2000","KAN@DET","DET","KAN","","","","","1"
"47381-135190","SS","Taylor","Taylor Walls","Walls","0","0","2000","TAM@ATL","TAM","ATL","","","","","0"
"47381-135195","C","Sebastian","Sebastian Rivero","Rivero","0","0","2000","KAN@DET","KAN","DET","","","","","0"
"47381-135193","2B","Esteban","Esteban Quiroz","Quiroz","0","0","2000","TAM@ATL","TAM","ATL","","","","","0"
"47381-104483","1B","Jared","Jared Walsh","Walsh","0.800000011920929","4","2000","SEA@LAA","LAA","SEA","","","","",""
"47381-38955","OF","Joey","Joey Rickard","Rickard","5.099999820484834","68","2000","SDP@SFG","SFG","SDP","","","","","0"
"47381-79918","C","Kyle","Kyle Higashioka","Higashioka","0","1","2000","NYY@BAL","NYY","BAL","","","","","0"
"47381-135227","2B","Jose","Jose Rojas","Rojas","0","0","2000","SEA@LAA","LAA","SEA","","","","",""
"47381-135230","SS","Elliot","Elliot Soto","Soto","0","0","2000","SEA@LAA","LAA","SEA","","","","",""
"47381-135228","C","Jack","Jack Kruger","Kruger","0","0","2000","SEA@LAA","LAA","SEA","","","","",""
"47381-58431","OF","Terrance","Terrance Gore","Gore","0","2","2000","LOS@ARI","LOS","ARI","","","","",""
"47381-61506","C","Oscar","Oscar Hernandez","Hernandez","2.066666603088379","3","2000","KAN@DET","KAN","DET","","","","","0"
"47381-135263","C","Brian","Brian O'Keefe","O'Keefe","0","0","2000","SEA@LAA","SEA","LAA","","","","",""
"47381-135267","2B","Kaden","Kaden Polcovich","Polcovich","0","0","2000","SEA@LAA","SEA","LAA","","","","",""
"47381-135265","3B","Austin","Austin Shenton","Shenton","0","0","2000","SEA@LAA","SEA","LAA","","","","",""
"47381-135271","3B","Tyler","Tyler Keenan","Keenan","0","0","2000","SEA@LAA","SEA","LAA","","","","",""
"47381-135269","OF","Zach","Zach DeLoach","DeLoach","0","0","2000","SEA@LAA","SEA","LAA","","","","",""
"47381-135274","OF","Zach","Zach Reks","Reks","0","0","2000","LOS@ARI","LOS","ARI","IL","Undisclosed","","",""
"47381-135272","OF","Cody","Cody Thomas","Thomas","0","0","2000","LOS@ARI","LOS","ARI","IL","Undisclosed","","",""
"47381-114796","C","Nick","Nick Dini","Dini","6.709999847412109","20","2000","KAN@DET","KAN","DET","","","","","0"
"47381-135276","C","Patrick","Patrick Mazeika","Mazeika","0","0","2000","BOS@NYM","NYM","BOS","","","","","0"
"47381-135277","OF","Johneshwy","Johneshwy Fargas","Fargas","0","0","2000","BOS@NYM","NYM","BOS","","","","","0"
"47381-21618","C","Rocky","Rocky Gale","Gale","1.8399999618530274","5","2000","LOS@ARI","LOS","ARI","","","","",""
"47381-38004","C","Austin","Austin Hedges","Hedges","0","5","2000","SDP@SFG","SDP","SFG","","","","",""
"47381-136317","OF","Aaron","Aaron Whitefield","Whitefield","1.0666666825612385","3","2000","CLE@MIN","MIN","CLE","","","","","0"
"47381-116869","SS","Erick","Erick Mejia","Mejia","0","4","2000","KAN@DET","KAN","DET","","","","","0"
"47381-116870","SS","Seth","Seth Mejias-Brean","Mejias-Brean","5.7928570338657925","14","2000","SDP@SFG","SDP","SFG","","","","",""
"47381-135307","C","Webster","Webster Rivas","Rivas","0","0","2000","SDP@SFG","SDP","SFG","","","","",""
"47381-135305","3B","Tucupita","Tucupita Marcano","Marcano","0","0","2000","SDP@SFG","SDP","SFG","","","","",""
"47381-135310","C","Chadwick","Chadwick Tromp","Tromp","0","1","2000","SDP@SFG","SFG","SDP","","","","","0"
"47381-135308","OF","Robert","Robert Hassell III","Hassell III","0","0","2000","SDP@SFG","SDP","SFG","","","","",""
"47381-73879","3B","Pat","Pat Valaika","Valaika","3.066666603088379","3","2000","NYY@BAL","BAL","NYY","","","","","7"
"47381-102621","SS","Wander","Wander Franco","Franco","0","0","2000","TAM@ATL","TAM","ATL","","","","","0"
"47381-13535","2B","Ehire","Ehire Adrianza","Adrianza","3.0999999046325684","2","2000","CLE@MIN","MIN","CLE","","","","","0"
"47381-53476","OF","Scott","Scott Schebler","Schebler","5.189999898274739","30","2000","TAM@ATL","ATL","TAM","","","","","0"
"47381-83177","C","Grayson","Grayson Greiner","Greiner","1.5499999523162842","4","2000","KAN@DET","DET","KAN","","","","","0"
"47381-60649","C","Alex","Alex Jackson","Jackson","3","3","2000","TAM@ATL","ATL","TAM","","","","","0"
"47381-60652","2B","Christian","Christian Arroyo","Arroyo","0","1","2000","CLE@MIN","CLE","MIN","","","","","0"
"47381-83180","C","Meibrys","Meibrys Viloria","Viloria","5.211904616582961","42","2000","KAN@DET","KAN","DET","","","","","0"
"47381-83188","3B","Kelvin","Kelvin Gutierrez","Gutierrez","7.5150001525878904","20","2000","KAN@DET","KAN","DET","IL","Elbow","","","0"
"47381-5366","2B","Dustin","Dustin Pedroia","Pedroia","2.616666634877523","6","2000","BOS@NYM","BOS","NYM","IL","Knee","","","0"
"47381-79115","OF","Greg","Greg Allen","Allen","0","4","2000","CLE@MIN","CLE","MIN","","","","","0"
"47381-117011","OF","Johnny","Johnny Davis","Davis","3.125","8","2000","TAM@ATL","TAM","ATL","","","","","0"
"47381-85266","1B","Kevin","Kevin Cron","Cron","1.5","2","2000","LOS@ARI","ARI","LOS","","","","","0"
"47381-85274","OF","DJ","DJ Stewart","Stewart","3","3","2000","NYY@BAL","BAL","NYY","","","","","0"
"47381-79138","3B","Jonathan","Jonathan Arauz","Arauz","1.600000023841858","2","2000","BOS@NYM","BOS","NYM","","","","","9"
"47381-79151","3B","Taylor","Taylor Ward","Ward","3.1499999364217124","6","2000","SEA@LAA","LAA","SEA","","","","",""
"47381-79152","3B","Matt","Matt Thaiss","Thaiss","0","3","2000","SEA@LAA","LAA","SEA","","","","",""
"47381-136504","C","Patrick","Patrick Bailey","Bailey","0","0","2000","SDP@SFG","SFG","SDP","","","","","0"
"47381-85320","C","Michael","Michael Perez","Perez","0.75","4","2000","TAM@ATL","TAM","ATL","","","","","0"
"47381-82251","OF","Tim","Tim Locastro","Locastro","2.133333365122477","3","2000","LOS@ARI","ARI","LOS","","","","","0"
"47381-79204","SS","Richie","Richie Martin","Martin","4.719166564941406","120","2000","NYY@BAL","BAL","NYY","IL","Wrist","","","0"
"47381-135529","OF","Jake","Jake Vogel","Vogel","0","0","2000","LOS@ARI","LOS","ARI","","","","",""
"47381-79223","OF","Josh","Josh Naylor","Naylor","0","2","2000","SDP@SFG","SDP","SFG","","","","",""
"47381-79222","OF","Dylan","Dylan Cozens","Cozens","0","1","2000","TAM@ATL","TAM","ATL","","","","","0"
"47381-101753","3B","Dylan","Dylan Moore","Moore","20.450000762939453","2","2000","SEA@LAA","SEA","LAA","","","","",""
"47381-79236","OF","Drew","Drew Jackson","Jackson","1","3","2000","LOS@ARI","LOS","ARI","","","","",""
"47381-79240","C","Aramis","Aramis Garcia","Garcia","4.694444444444445","18","2000","SDP@SFG","SFG","SDP","IL","Hip","","","0"
"47381-38293","OF","Tyler","Tyler Naquin","Naquin","7.683145930258076","89","2000","CLE@MIN","CLE","MIN","IL","Toe","","","0"
"47381-101787","OF","LaMonte","LaMonte Wade Jr.","Wade Jr.","0","1","2000","CLE@MIN","MIN","CLE","","","","","0"
"47381-84401","1B","Brandon","Brandon Dixon","Dixon","7.866101798364672","118","2000","KAN@DET","DET","KAN","","","","","0"
"47381-118193","OF","Nick","Nick Heath","Heath","0","0","2000","KAN@DET","KAN","DET","","","","","0"
"47381-101817","2B","Luis","Luis Rengifo","Rengifo","0","1","2000","SEA@LAA","LAA","SEA","","","","",""
"47381-101821","3B","Edwin","Edwin Rios","Rios","7.400000254313151","3","2000","LOS@ARI","LOS","ARI","","","","",""
"47381-101853","OF","Joe","Joe McCarthy","McCarthy","0","4","2000","SDP@SFG","SFG","SDP","","","","","0"
"47381-135646","C","Carson","Carson Taylor","Taylor","0","0","2000","LOS@ARI","LOS","ARI","","","","",""
"47381-135649","OF","Anthony","Anthony Garcia","Garcia","0","0","2000","LOS@ARI","LOS","ARI","","","","",""
"47381-96765","C","Joe","Joe Hudson","Hudson","0","2","2000","SEA@LAA","SEA","LAA","","","","",""
"47381-38411","2B","Alen","Alen Hanson","Hanson","3.8333333333333335","18","2000","SEA@LAA","SEA","LAA","","","","",""
"47381-101910","1B","Connor","Connor Joe","Joe","1.149999976158142","8","2000","LOS@ARI","LOS","ARI","","","","",""
"47381-95772","C","Beau","Beau Taylor","Taylor","0","1","2000","CLE@MIN","CLE","MIN","","","","","0"
"47381-119333","SS","Tyler","Tyler Freeman","Freeman","0","0","2000","CLE@MIN","CLE","MIN","","","","","0"
"47381-119332","SS","Yordys","Yordys Valdes","Valdes","0","0","2000","CLE@MIN","CLE","MIN","","","","","0"
"47381-119341","SS","Wenceel","Wenceel Perez","Perez","0","0","2000","KAN@DET","DET","KAN","","","","","0"
"47381-119342","3B","Nick","Nick Quintana","Quintana","0","0","2000","KAN@DET","DET","KAN","","","","","0"
"47381-119349","SS","Bobby","Bobby Witt Jr.","Witt Jr.","0","0","2000","KAN@DET","KAN","DET","","","","","0"
"47381-119353","3B","Kody","Kody Hoese","Hoese","0","0","2000","LOS@ARI","LOS","ARI","","","","",""
"47381-119352","2B","Michael","Michael Busch","Busch","0","0","2000","LOS@ARI","LOS","ARI","","","","",""
"47381-16955","OF","Bubba","Bubba Starling","Starling","1.9","5","2000","KAN@DET","KAN","DET","","","","","0"
"47381-72264","SS","Max","Max Moroff","Moroff","2.9799999237060546","20","2000","BOS@NYM","NYM","BOS","","","","","0"
"47381-119371","2B","Devin","Devin Mann","Mann","0","0","2000","LOS@ARI","LOS","ARI","","","","",""
"47381-119372","3B","Miguel","Miguel Vargas","Vargas","0","0","2000","LOS@ARI","LOS","ARI","","","","",""
"47381-119376","3B","Brett","Brett Baty","Baty","0","0","2000","BOS@NYM","NYM","BOS","","","","","0"
"47381-16992","3B","Jake","Jake Elmore","Elmore","3.1299999237060545","20","2000","CLE@MIN","CLE","MIN","","","","","0"
"47381-82536","OF","Cedric","Cedric Mullins","Mullins","2.066666603088379","3","2000","NYY@BAL","BAL","NYY","","","","","9"
"47381-119410","SS","CJ","CJ Abrams","Abrams","0","0","2000","SDP@SFG","SDP","SFG","","","","",""
"47381-135799","C","David","David Rodriguez","Rodriguez","0","0","2000","BOS@NYM","NYM","BOS","","","","","0"
"47381-135801","1B","Jake","Jake Hager","Hager","0","0","2000","BOS@NYM","NYM","BOS","","","","","0"
"47381-119427","1B","Logan","Logan Wyatt","Wyatt","0","0","2000","SDP@SFG","SFG","SDP","","","","","0"
"47381-70277","C","Kevan","Kevan Smith","Smith","2.066666603088379","3","2000","TAM@ATL","TAM","ATL","","","","","0"
"47381-119429","3B","Luis","Luis Toribio","Toribio","0","0","2000","SDP@SFG","SFG","SDP","","","","","0"
"47381-119428","SS","Will","Will Wilson","Wilson","0","0","2000","SDP@SFG","SFG","SDP","","","","","0"
"47381-119432","SS","Greg","Greg Jones","Jones","0","0","2000","TAM@ATL","TAM","ATL","","","","","0"
"47381-119434","OF","Moises","Moises Gomez","Gomez","0","0","2000","TAM@ATL","TAM","ATL","","","","","0"
"47381-82581","OF","Michael","Michael Hermosillo","Hermosillo","0.75","4","2000","SEA@LAA","LAA","SEA","","","","",""
"47381-113309","OF","Josh","Josh Rojas","Rojas","0","1","2000","LOS@ARI","ARI","LOS","","","","","0"
"47381-81570","C","Cam","Cam Gallagher","Gallagher","5.928888617621528","45","2000","KAN@DET","KAN","DET","IL","Illness","","","0"
"47381-21161","2B","Yolmer","Yolmer Sanchez","Sanchez","6.66644287109375","149","2000","SDP@SFG","SFG","SDP","","","","","0"
"47381-82613","SS","Thairo","Thairo Estrada","Estrada","3","1","2000","NYY@BAL","NYY","BAL","","","","","0"
"47381-82617","SS","Andres","Andres Gimenez","Gimenez","3.116666793823242","6","2000","BOS@NYM","NYM","BOS","","","","","0"
"47381-82616","SS","Luis","Luis Guillorme","Guillorme","0","1","2000","BOS@NYM","NYM","BOS","","","","","0"
"47381-14012","OF","Jarrett","Jarrett Parker","Parker","2.4399999618530273","5","2000","BOS@NYM","NYM","BOS","","","","","0"
"47381-14019","OF","Abraham","Abraham Almonte","Almonte","7.1294115851907165","17","2000","SDP@SFG","SDP","SFG","","","","",""
"47381-112337","3B","Zach","Zach Green","Green","2.7125000953674316","8","2000","SDP@SFG","SFG","SDP","","","","","0"
"47381-17105","C","Sandy","Sandy Leon","Leon","3","2","2000","CLE@MIN","CLE","MIN","","","","","8"
"47381-11989","OF","Jon","Jon Jay","Jay","6.5","1","2000","LOS@ARI","ARI","LOS","","","","","0"
"47381-110306","SS","Humberto","Humberto Arteaga","Arteaga","4.126829193859566","41","2000","KAN@DET","KAN","DET","","","","","0"
"47381-82661","OF","Daniel","Daniel Johnson","Johnson","2","3","2000","CLE@MIN","CLE","MIN","","","","","0"
"47381-13034","OF","Charlie","Charlie Culberson","Culberson","0","3","2000","TAM@ATL","ATL","TAM","","","","","0"
"47381-13054","C","Rob","Rob Brantly","Brantly","0","1","2000","SDP@SFG","SFG","SDP","","","","","0"
"47381-13060","SS","Adeiny","Adeiny Hechavarria","Hechavarria","0","2","2000","TAM@ATL","ATL","TAM","","","","","0"
"47381-84742","C","Willians","Willians Astudillo","Astudillo","7.053448381095097","58","2000","CLE@MIN","MIN","CLE","","","","","0"
"47381-53007","3B","Daniel","Daniel Robertson","Robertson","5.744594677074535","74","2000","TAM@ATL","TAM","ATL","","","","","0"
"47381-13098","C","Rene","Rene Rivera","Rivera","1.5","2","2000","BOS@NYM","NYM","BOS","","","","","0"
"47381-71508","2B","Mike","Mike Freeman","Freeman","3","2","2000","CLE@MIN","CLE","MIN","","","","","0"
"47381-137070","C","Joe","Joe Odom","Odom","1.5","2","2000","SEA@LAA","SEA","LAA","","","","",""
"47381-68489","OF","Dwight","Dwight Smith Jr.","Smith Jr.","11.100000381469727","2","2000","NYY@BAL","BAL","NYY","","","","","6"
"47381-79785","1B","Jose","Jose Marmolejos","Marmolejos","1.2","5","2000","SEA@LAA","SEA","LAA","","","","",""
"47381-102331","2B","Nicky","Nicky Lopez","Lopez","1.5","6","2000","KAN@DET","KAN","DET","","","","","0"
"47381-52156","OF","Rosell","Rosell Herrera","Herrera","3.6904761904761907","63","2000","NYY@BAL","NYY","BAL","","","","","0"
"47381-80836","SS","Tzu-Wei","Tzu-Wei Lin","Lin","1","3","2000","BOS@NYM","BOS","NYM","","","","","0"
"47381-68554","3B","Andrew","Andrew Velazquez","Velazquez","0","2","2000","NYY@BAL","BAL","NYY","","","","","0"
"47381-68557","OF","Ryan","Ryan Cordell","Cordell","4.839175194809117","97","2000","BOS@NYM","NYM","BOS","","","","","0"
"47381-80852","SS","Ildemaro","Ildemaro Vargas","Vargas","3.066666603088379","3","2000","LOS@ARI","ARI","LOS","","","","","0"
"47381-68593","2B","Jorge","Jorge Mateo","Mateo","0","0","2000","SDP@SFG","SDP","SFG","IL","Illness","","",""